id,true_labels,top_prediction,top_confidence,top_prediction_correct,predicted_top_k
'0704.1000,hep-ex,hep-ex,0.957279,True,hep-ex hep-ph quant-ph nucl-th cond-mat.stat-mech
'0704.1001,math.AG math.QA,hep-th,0.463431,False,hep-th math.MP math-ph gr-qc hep-ph
'0704.1002,astro-ph,astro-ph,0.700447,True,astro-ph cond-mat.stat-mech cond-mat.mtrl-sci cond-mat.str-el hep-ph
'0704.1003,math.DS nlin.CD,cond-mat.stat-mech,0.329115,False,cond-mat.stat-mech quant-ph cond-mat.mtrl-sci hep-th cond-mat.other
'0704.1004,astro-ph,astro-ph,0.687153,True,astro-ph cond-mat.stat-mech physics.optics gr-qc math.MP
'0704.1005,math.DG,math.DG,0.682286,True,math.DG gr-qc hep-th math.MP math-ph
'0704.1006,math.DS,math.CO,0.342657,False,math.CO hep-th math-ph math.MP math.AP
'0704.1007,cond-mat.dis-nn cond-mat.stat-mech,physics.soc-ph,0.436926,False,physics.soc-ph cond-mat.stat-mech cond-mat.soft cs.IT math.IT
'0704.1008,math.KT math.RT,math.MP,0.292523,False,math.MP math-ph math.AG cond-mat.stat-mech math.QA
'0704.1009,math.AG math.KT,hep-th,0.328070,False,hep-th math.QA astro-ph hep-ph gr-qc
'0704.1010,math.AG math.QA,math.AG,0.622976,True,math.AG hep-th math.RT math.GR math-ph
'0704.1011,physics.flu-dyn,cond-mat.stat-mech,0.347141,False,cond-mat.stat-mech cond-mat.mtrl-sci physics.optics quant-ph cond-mat.str-el
'0704.1012,astro-ph gr-qc math.AP,hep-th,0.360131,False,hep-th math.MP math-ph gr-qc astro-ph
'0704.1013,math.AG,hep-th,0.325922,False,hep-th astro-ph gr-qc math.MP math-ph
'0704.1014,math.AG,math.AG,0.557963,True,math.AG cond-mat.stat-mech math.CO math.ST stat.TH
'0704.1015,hep-th math.DG,hep-th,0.587815,True,hep-th gr-qc math.AG cond-mat.stat-mech hep-ph
'0704.1016,cond-mat.str-el cond-mat.supr-con,cond-mat.str-el,0.695838,True,cond-mat.str-el cond-mat.supr-con cond-mat.mes-hall cond-mat.mtrl-sci astro-ph
'0704.1017,cond-mat.stat-mech cond-mat.str-el,cond-mat.str-el,0.575083,True,cond-mat.str-el cond-mat.stat-mech cond-mat.mtrl-sci hep-ph cond-mat.mes-hall
'0704.1018,cond-mat.mtrl-sci cond-mat.other,cond-mat.mtrl-sci,0.484905,True,cond-mat.mtrl-sci cond-mat.mes-hall astro-ph cond-mat.str-el hep-ph
'0704.1019,math.FA math.KT,math.RT,0.511227,False,math.RT math.QA math.AG math.OA math.CO
'0704.1020,cs.LG cs.SC,math.CO,0.298031,False,math.CO quant-ph math.MP math-ph math.PR
'0704.1021,math.DG,math.DG,0.698146,True,math.DG gr-qc math.AP hep-th math.MP
'0704.1022,math.PR,math.PR,0.371629,True,math.PR math.MP math-ph cond-mat.stat-mech math.CO
'0704.1023,physics.data-an,cond-mat.mtrl-sci,0.636275,False,cond-mat.mtrl-sci cond-mat.stat-mech cond-mat.str-el cond-mat.mes-hall cond-mat.supr-con
'0704.1024,nucl-th,hep-ph,0.449136,False,hep-ph nucl-th cond-mat.str-el astro-ph hep-th
'0704.1025,astro-ph,astro-ph,0.444504,True,astro-ph hep-ph cond-mat.mtrl-sci cond-mat.stat-mech cond-mat.soft
'0704.1026,astro-ph gr-qc hep-th,hep-th,0.560780,True,hep-th gr-qc astro-ph cond-mat.stat-mech quant-ph
'0704.1027,hep-ph,hep-ph,0.687973,True,hep-ph hep-ex nucl-th cond-mat.stat-mech astro-ph
'0704.1028,cs.AI cs.LG cs.NE,math.IT,0.355197,False,math.IT cs.IT astro-ph cond-mat.soft cond-mat.mtrl-sci
'0704.1029,physics.data-an,cond-mat.mtrl-sci,0.438883,False,cond-mat.mtrl-sci cond-mat.mes-hall cond-mat.stat-mech math.PR cond-mat.str-el
'0704.1030,physics.data-an,cond-mat.stat-mech,0.394099,False,cond-mat.stat-mech cond-mat.mtrl-sci math.PR astro-ph quant-ph
'0704.1031,hep-ex,astro-ph,0.374886,False,astro-ph nucl-ex hep-ph physics.atom-ph cond-mat.mes-hall
'0704.1032,math.CV,math.CO,0.377136,False,math.CO hep-th math.AG gr-qc astro-ph
'0704.1033,math.DG math.SG,math.MP,0.412447,False,math.MP math-ph math.AG math.SG hep-th
'0704.1034,math.CO math.SG,math.AG,0.424237,False,math.AG math.SG math.CO hep-th math.DG
'0704.1035,gr-qc hep-th,gr-qc,0.737859,True,gr-qc hep-th hep-ph astro-ph math.AP
'0704.1036,math.CO math.SG,math.AG,0.418862,False,math.AG math.CO math.DG math.MP math-ph
'0704.1037,quant-ph,quant-ph,0.614706,True,quant-ph cond-mat.mes-hall cond-mat.str-el cond-mat.other nucl-th
'0704.1038,hep-th,hep-th,0.488086,True,hep-th gr-qc math.MP math-ph hep-ph
'0704.1039,math.SG,math.SG,0.365556,True,math.SG math.AG hep-th cond-mat.mes-hall astro-ph
'0704.1040,cond-mat.stat-mech hep-th quant-ph,cond-mat.mtrl-sci,0.381899,False,cond-mat.mtrl-sci cond-mat.mes-hall cond-mat.str-el cond-mat.stat-mech hep-ph
'0704.1041,math.MG,hep-th,0.326094,False,hep-th math.MP math-ph quant-ph math.PR
'0704.1042,quant-ph,quant-ph,0.519502,True,quant-ph hep-th astro-ph math-ph math.MP
'0704.1043,cs.CC cs.IT math.IT,astro-ph,0.273744,False,astro-ph hep-th cond-mat.mtrl-sci cond-mat.stat-mech math.IT
'0704.1044,physics.gen-ph,astro-ph,0.771363,False,astro-ph gr-qc physics.gen-ph hep-th hep-ph
'0704.1045,astro-ph,astro-ph,0.773140,True,astro-ph gr-qc cond-mat.stat-mech cond-mat.mtrl-sci hep-th
'0704.1046,math.AG math.NT,math.AG,0.350187,True,math.AG hep-th quant-ph math.CV math.GT
'0704.1047,astro-ph,astro-ph,0.481189,True,astro-ph hep-ph cond-mat.mtrl-sci cond-mat.stat-mech hep-th
'0704.1048,cond-mat.mtrl-sci cond-mat.str-el,cond-mat.str-el,0.633490,True,cond-mat.str-el cond-mat.mtrl-sci astro-ph cond-mat.mes-hall cond-mat.dis-nn
'0704.1049,hep-ex hep-ph,hep-ex,0.769287,True,hep-ex hep-ph nucl-th nucl-ex hep-th
'0704.1050,cond-mat.mtrl-sci cond-mat.str-el,cond-mat.mtrl-sci,0.448828,True,cond-mat.mtrl-sci cond-mat.str-el cond-mat.mes-hall astro-ph cond-mat.supr-con
'0704.1051,astro-ph,astro-ph,0.594013,True,astro-ph quant-ph gr-qc hep-ph physics.gen-ph
'0704.1052,cond-mat.mes-hall cond-mat.mtrl-sci,cond-mat.mes-hall,0.729656,True,cond-mat.mes-hall cond-mat.mtrl-sci cond-mat.str-el cond-mat.supr-con quant-ph
'0704.1053,cond-mat.mtrl-sci cond-mat.soft,cond-mat.mtrl-sci,0.595195,True,cond-mat.mtrl-sci cond-mat.stat-mech cond-mat.mes-hall hep-th hep-ph
'0704.1054,physics.gen-ph,quant-ph,0.457283,False,quant-ph gr-qc hep-th cond-mat.mes-hall cond-mat.mtrl-sci
'0704.1055,astro-ph,astro-ph,0.695936,True,astro-ph hep-ph physics.soc-ph hep-ex cond-mat.mtrl-sci
'0704.1056,hep-ph,gr-qc,0.660151,False,gr-qc hep-th hep-ph astro-ph math.MP
'0704.1057,math.DS,hep-th,0.318559,False,hep-th math.AG cond-mat.stat-mech math.MP math-ph
'0704.1058,astro-ph gr-qc hep-ph,gr-qc,0.619395,True,gr-qc astro-ph hep-th hep-ph physics.gen-ph
'0704.1059,math.CA math.GM,math.MP,0.347842,False,math.MP math-ph math.AG cond-mat.stat-mech hep-th
'0704.1060,hep-th,hep-th,0.636916,True,hep-th hep-ph gr-qc cond-mat.stat-mech cond-mat.str-el
'0704.1061,hep-ex hep-ph,hep-th,0.533520,False,hep-th hep-ph nucl-th nucl-ex quant-ph
'0704.1062,nucl-th,nucl-ex,0.648145,False,nucl-ex hep-ph astro-ph nucl-th hep-th
'0704.1063,astro-ph,astro-ph,0.784776,True,astro-ph cond-mat.mtrl-sci hep-th cond-mat.stat-mech cond-mat.mes-hall
'0704.1064,cond-mat.stat-mech,cond-mat.str-el,0.649831,False,cond-mat.str-el cond-mat.stat-mech cond-mat.mtrl-sci cond-mat.mes-hall cond-mat.dis-nn
'0704.1065,cond-mat.str-el,cond-mat.str-el,0.604767,True,cond-mat.str-el cond-mat.mtrl-sci cond-mat.supr-con cond-mat.mes-hall cond-mat.stat-mech
'0704.1066,math.FA math.NA,math.AP,0.384189,False,math.AP math.CA hep-th math.MP math-ph
'0704.1067,astro-ph,astro-ph,0.839035,True,astro-ph cond-mat.mtrl-sci cond-mat.stat-mech gr-qc cond-mat.str-el
'0704.1068,cs.DS cs.NI,math.IT,0.293403,False,math.IT cs.IT physics.soc-ph cond-mat.soft cond-mat.stat-mech
'0704.1069,quant-ph,quant-ph,0.668841,True,quant-ph cond-mat.mes-hall hep-ph astro-ph hep-th
'0704.1070,cs.IT cs.PF math.IT,math.IT,0.380615,True,math.IT cs.IT quant-ph cond-mat.stat-mech astro-ph
'0704.1071,astro-ph nucl-th,gr-qc,0.423885,False,gr-qc astro-ph hep-th nucl-th hep-ph
'0704.1072,hep-ph nucl-th,hep-ph,0.496158,True,hep-ph hep-th cond-mat.mes-hall quant-ph cond-mat.str-el
'0704.1073,gr-qc hep-th,hep-th,0.579253,True,hep-th gr-qc hep-ph astro-ph cond-mat.stat-mech
'0704.1074,math.AC math.ST stat.AP stat.TH,astro-ph,0.299080,False,astro-ph cond-mat.stat-mech math.PR gr-qc quant-ph
'0704.1075,hep-ph,hep-th,0.520543,False,hep-th hep-ph nucl-th nucl-ex math.MP
'0704.1076,cond-mat.stat-mech,cond-mat.stat-mech,0.603525,True,cond-mat.stat-mech quant-ph physics.gen-ph hep-th math.PR
'0704.1077,math.AP math.FA,math.MP,0.461077,False,math.MP math-ph math.QA math.RT math.CA
'0704.1078,cond-mat.stat-mech cond-mat.str-el,cond-mat.str-el,0.690402,True,cond-mat.str-el cond-mat.supr-con cond-mat.mtrl-sci cond-mat.stat-mech cond-mat.mes-hall
'0704.1079,hep-ph hep-th,hep-th,0.633221,True,hep-th hep-ph astro-ph gr-qc quant-ph
'0704.1080,quant-ph,quant-ph,0.617035,True,quant-ph cond-mat.mes-hall hep-th gr-qc math.AP
'0704.1081,hep-ph nucl-th,astro-ph,0.568839,False,astro-ph hep-ph nucl-th nucl-ex cond-mat.other
'0704.1082,cond-mat.str-el cond-mat.supr-con,cond-mat.str-el,0.731856,True,cond-mat.str-el cond-mat.supr-con cond-mat.mtrl-sci cond-mat.mes-hall astro-ph
'0704.1083,math.AG math.NT,hep-th,0.275312,False,hep-th math.MP math-ph astro-ph cond-mat.mtrl-sci
'0704.1084,hep-th,hep-th,0.554306,True,hep-th gr-qc quant-ph cond-mat.stat-mech hep-ph
'0704.1085,hep-ph hep-th,hep-th,0.825377,True,hep-th hep-ph gr-qc cond-mat.stat-mech astro-ph
'0704.1086,astro-ph gr-qc,astro-ph,0.622814,True,astro-ph gr-qc hep-th hep-ph quant-ph
'0704.1087,quant-ph,cond-mat.mes-hall,0.342318,False,cond-mat.mes-hall quant-ph hep-th astro-ph hep-ph
'0704.1088,math-ph math.MP,math.MP,0.365529,True,math.MP math-ph hep-th math.PR quant-ph
'0704.1089,cond-mat.stat-mech,hep-th,0.327993,False,hep-th math.MP math-ph cond-mat.stat-mech quant-ph
'0704.1090,astro-ph gr-qc hep-ph hep-th,hep-th,0.733423,True,hep-th gr-qc astro-ph hep-ph physics.gen-ph
'0704.1091,math.NT,math.IT,0.307188,False,math.IT cs.IT astro-ph hep-th math.CO
'0704.1092,quant-ph,quant-ph,0.493397,True,quant-ph cond-mat.stat-mech hep-ph hep-th cond-mat.mes-hall
'0704.1093,nlin.CD nlin.PS,nlin.PS,0.389862,True,nlin.PS physics.optics cond-mat.soft physics.flu-dyn cond-mat.stat-mech
'0704.1094,astro-ph,astro-ph,0.760197,True,astro-ph cond-mat.mes-hall hep-ph cond-mat.mtrl-sci cond-mat.soft
'0704.1095,math.CV,math.RT,0.391212,False,math.RT math.GR math-ph math.MP math.CO
'0704.1096,cond-mat.other gr-qc hep-th,cond-mat.other,0.384567,True,cond-mat.other cond-mat.mes-hall astro-ph hep-ph hep-th
'0704.1097,cond-mat.stat-mech cond-mat.supr-con,cond-mat.str-el,0.553193,False,cond-mat.str-el cond-mat.stat-mech cond-mat.supr-con cond-mat.mtrl-sci cond-mat.dis-nn
'0704.1098,astro-ph,astro-ph,0.851260,True,astro-ph cond-mat.mtrl-sci hep-ph cond-mat.stat-mech cond-mat.mes-hall
'0704.1099,physics.data-an physics.soc-ph q-fin.ST,physics.soc-ph,0.411500,True,physics.soc-ph physics.data-an astro-ph q-fin.ST gr-qc
'0704.1100,math.AG math.CO,astro-ph,0.355543,False,astro-ph math.CO math.AG hep-th math.RT
'0704.1101,math.CO math.RT,math.MP,0.449407,False,math.MP math-ph hep-th math.RT math.QA
'0704.1102,math-ph math.MP,math.MP,0.351739,True,math.MP math-ph math.DG math.CA math.AP
'0704.1103,hep-ph,hep-ph,0.403138,True,hep-ph hep-th nucl-th cond-mat.mes-hall cond-mat.mtrl-sci
'0704.1104,hep-th,hep-th,0.646428,True,hep-th gr-qc cond-mat.mes-hall hep-ph math.MP
'0704.1105,astro-ph,astro-ph,0.696020,True,astro-ph hep-ph cond-mat.mtrl-sci hep-th gr-qc
'0704.1106,hep-ph,hep-ph,0.714171,True,hep-ph hep-ex astro-ph physics.comp-ph nucl-ex
'0704.1107,astro-ph,astro-ph,0.808834,True,astro-ph gr-qc hep-th cond-mat.str-el hep-ph
'0704.1108,nucl-th,cond-mat.stat-mech,0.324798,False,cond-mat.stat-mech cond-mat.str-el hep-ph nucl-th hep-th
'0704.1109,gr-qc,hep-th,0.766996,False,hep-th gr-qc astro-ph math.MP math-ph
'0704.1110,astro-ph,astro-ph,0.466715,True,astro-ph hep-th gr-qc hep-ph nucl-th
'0704.1111,hep-lat hep-th,hep-ph,0.745752,False,hep-ph hep-th hep-lat nucl-th cond-mat.str-el
'0704.1112,astro-ph,astro-ph,0.821569,True,astro-ph hep-ph hep-th math.MP math-ph
'0704.1113,astro-ph,astro-ph,0.874664,True,astro-ph hep-ph nucl-th cond-mat.str-el cond-mat.mtrl-sci
'0704.1114,astro-ph,astro-ph,0.694587,True,astro-ph cond-mat.soft hep-th cond-mat.stat-mech hep-ph
'0704.1115,hep-ex nucl-ex,hep-ph,0.573313,False,hep-ph hep-ex nucl-ex nucl-th astro-ph
'0704.1116,astro-ph,astro-ph,0.753405,True,astro-ph cond-mat.mtrl-sci hep-th hep-ph physics.gen-ph
'0704.1117,cond-mat.supr-con hep-ph hep-th,hep-th,0.747320,True,hep-th cond-mat.str-el hep-ph quant-ph gr-qc
'0704.1118,astro-ph,astro-ph,0.457944,True,astro-ph hep-ph cond-mat.mes-hall cond-mat.mtrl-sci cond-mat.str-el
'0704.1119,astro-ph,astro-ph,0.743218,True,astro-ph gr-qc hep-ph hep-th nucl-ex
'0704.1120,physics.soc-ph,cond-mat.stat-mech,0.317021,False,cond-mat.stat-mech quant-ph astro-ph math.PR hep-th
'0704.1121,math.OA,hep-th,0.284370,False,hep-th hep-ph math.AG astro-ph math.CO
'0704.1122,astro-ph,astro-ph,0.682864,True,astro-ph hep-ph cond-mat.mtrl-sci hep-ex quant-ph
'0704.1123,cond-mat.stat-mech,cond-mat.stat-mech,0.584091,True,cond-mat.stat-mech cond-mat.str-el cond-mat.dis-nn cond-mat.mes-hall cond-mat.mtrl-sci
'0704.1124,hep-th,hep-th,0.592150,True,hep-th astro-ph gr-qc cond-mat.mtrl-sci hep-ph
'0704.1125,astro-ph,astro-ph,0.757320,True,astro-ph cond-mat.mtrl-sci hep-ph cond-mat.mes-hall cond-mat.other
'0704.1126,physics.optics,hep-ph,0.323865,False,hep-ph astro-ph cond-mat.soft hep-th physics.optics
'0704.1127,astro-ph,astro-ph,0.628719,True,astro-ph cond-mat.stat-mech hep-ph cond-mat.str-el cond-mat.mtrl-sci
'0704.1128,math.OA,hep-th,0.382738,False,hep-th math.CO hep-ph math.MP math-ph
'0704.1129,astro-ph,astro-ph,0.754441,True,astro-ph cond-mat.mes-hall gr-qc cond-mat.mtrl-sci hep-th
'0704.1130,physics.class-ph physics.gen-ph,astro-ph,0.407355,False,astro-ph gr-qc hep-ph hep-th cond-mat.mtrl-sci
'0704.1131,astro-ph,astro-ph,0.784598,True,astro-ph hep-ph hep-th cond-mat.mtrl-sci gr-qc
'0704.1132,astro-ph,astro-ph,0.513640,True,astro-ph gr-qc hep-th hep-ph physics.gen-ph
'0704.1133,astro-ph,astro-ph,0.742236,True,astro-ph hep-ph cond-mat.str-el cond-mat.stat-mech cond-mat.mtrl-sci
'0704.1134,physics.med-ph physics.optics,physics.optics,0.568727,True,physics.optics physics.comp-ph cond-mat.mtrl-sci astro-ph cond-mat.stat-mech
'0704.1135,astro-ph gr-qc,gr-qc,0.797516,True,gr-qc hep-th astro-ph hep-ph physics.gen-ph
'0704.1136,gr-qc,hep-th,0.488031,False,hep-th gr-qc math.AP astro-ph math-ph
'0704.1137,gr-qc,gr-qc,0.550196,True,gr-qc hep-th quant-ph hep-ph astro-ph
'0704.1138,astro-ph,astro-ph,0.540994,True,astro-ph cond-mat.mtrl-sci nucl-th gr-qc cond-mat.str-el
'0704.1139,math.ST stat.ML stat.TH,astro-ph,0.319203,False,astro-ph hep-th math.CO math.ST stat.TH
'0704.1140,cond-mat.soft cond-mat.stat-mech,cond-mat.stat-mech,0.326760,True,cond-mat.stat-mech cond-mat.str-el cond-mat.mtrl-sci hep-ph nucl-th
'0704.1141,gr-qc hep-th,gr-qc,0.396485,True,gr-qc hep-th hep-ph astro-ph quant-ph
'0704.1142,astro-ph,astro-ph,0.641003,True,astro-ph cond-mat.mtrl-sci hep-ph hep-th gr-qc
'0704.1143,hep-ex hep-ph,hep-ph,0.909438,True,hep-ph hep-ex astro-ph hep-th gr-qc
'0704.1144,cond-mat.stat-mech,physics.soc-ph,0.579317,False,physics.soc-ph cond-mat.dis-nn cond-mat.stat-mech cond-mat.soft cond-mat.mtrl-sci
'0704.1145,hep-th math-ph math.MP nlin.SI,hep-ph,0.330023,False,hep-ph hep-th math.MP math-ph cond-mat.stat-mech
'0704.1146,hep-th,hep-th,0.704916,True,hep-th gr-qc hep-ph quant-ph astro-ph
'0704.1147,physics.bio-ph physics.gen-ph,hep-th,0.303255,False,hep-th astro-ph gr-qc hep-ph math.IT
'0704.1148,cond-mat.stat-mech,cond-mat.stat-mech,0.486942,True,cond-mat.stat-mech hep-th math.PR quant-ph gr-qc
'0704.1149,astro-ph gr-qc hep-ph hep-th,astro-ph,0.657117,True,astro-ph gr-qc hep-ph cond-mat.stat-mech cond-mat.mtrl-sci
'0704.1150,hep-th math-ph math.MP,math.MP,0.343675,True,math.MP math-ph hep-th math.CV math.CO
'0704.1151,astro-ph,astro-ph,0.805719,True,astro-ph gr-qc nucl-th hep-th hep-ph
'0704.1152,astro-ph hep-th,hep-th,0.511379,True,hep-th gr-qc astro-ph hep-ph cond-mat.mtrl-sci
'0704.1153,hep-ph,hep-ph,0.535182,True,hep-ph nucl-th hep-th cond-mat.stat-mech astro-ph
'0704.1154,gr-qc hep-ph hep-th quant-ph,gr-qc,0.646272,True,gr-qc hep-th astro-ph quant-ph math.IT
'0704.1155,cond-mat.stat-mech,cond-mat.stat-mech,0.323409,True,cond-mat.stat-mech cond-mat.str-el cond-mat.mes-hall quant-ph hep-ph
'0704.1156,astro-ph,astro-ph,0.794096,True,astro-ph nucl-th hep-ph nucl-ex cond-mat.mtrl-sci
'0704.1157,cond-mat.stat-mech hep-th math-ph math.MP math.PR,cond-mat.stat-mech,0.310189,True,cond-mat.stat-mech hep-ph math.MP math-ph math.PR
'0704.1158,cs.CY cs.IR physics.soc-ph,astro-ph,0.335599,False,astro-ph hep-ph hep-th quant-ph cond-mat.mtrl-sci
'0704.1159,astro-ph,astro-ph,0.698305,True,astro-ph cond-mat.stat-mech physics.gen-ph cond-mat.mtrl-sci cond-mat.soft
'0704.1160,hep-th,hep-th,0.782177,True,hep-th gr-qc cond-mat.str-el cond-mat.mes-hall hep-ph
'0704.1161,cond-mat.str-el cond-mat.supr-con,cond-mat.str-el,0.740919,True,cond-mat.str-el cond-mat.supr-con cond-mat.mtrl-sci cond-mat.mes-hall cond-mat.stat-mech
'0704.1162,astro-ph,astro-ph,0.736123,True,astro-ph cond-mat.mtrl-sci gr-qc cond-mat.stat-mech hep-ph
'0704.1163,math.AP,astro-ph,0.290886,False,astro-ph hep-th hep-ph math.AP math.PR
'0704.1164,math.AP,hep-th,0.313569,False,hep-th cond-mat.stat-mech astro-ph math.DG physics.chem-ph
'0704.1165,hep-ph hep-th,hep-ph,0.658386,True,hep-ph hep-th astro-ph cond-mat.stat-mech gr-qc
'0704.1166,cond-mat.stat-mech nlin.PS,cond-mat.stat-mech,0.435673,True,cond-mat.stat-mech cond-mat.str-el quant-ph cond-mat.mes-hall hep-th
'0704.1167,cond-mat.str-el,cond-mat.mtrl-sci,0.631324,False,cond-mat.mtrl-sci cond-mat.str-el cond-mat.mes-hall cond-mat.other cond-mat.supr-con
'0704.1168,cond-mat.mes-hall cond-mat.mtrl-sci,cond-mat.mtrl-sci,0.544788,True,cond-mat.mtrl-sci cond-mat.mes-hall hep-th cond-mat.str-el astro-ph
'0704.1169,hep-th q-bio.GN q-bio.QM,astro-ph,0.385580,False,astro-ph hep-ph hep-th gr-qc math.IT
'0704.1170,astro-ph,astro-ph,0.805468,True,astro-ph hep-ph gr-qc cond-mat.stat-mech cond-mat.mtrl-sci
'0704.1171,cond-mat.dis-nn cond-mat.stat-mech,quant-ph,0.345617,False,quant-ph cond-mat.mes-hall astro-ph cond-mat.other gr-qc
'0704.1172,quant-ph,quant-ph,0.873672,True,quant-ph cond-mat.mes-hall cond-mat.str-el cond-mat.stat-mech cond-mat.dis-nn
'0704.1173,gr-qc,hep-th,0.483222,False,hep-th gr-qc astro-ph hep-ph physics.gen-ph
'0704.1174,math.AG math.CV,math.AG,0.527047,True,math.AG math.NT math.CV math.CA math.CO
'0704.1175,cond-mat.stat-mech,quant-ph,0.294588,False,quant-ph cond-mat.mes-hall astro-ph nlin.PS cond-mat.stat-mech
'0704.1176,astro-ph,astro-ph,0.462030,True,astro-ph hep-th cond-mat.stat-mech math.MP math-ph
'0704.1177,quant-ph,quant-ph,0.813033,True,quant-ph cond-mat.mes-hall cond-mat.str-el cond-mat.mtrl-sci hep-th
'0704.1178,hep-ph,hep-ph,0.637450,True,hep-ph hep-th gr-qc astro-ph cond-mat.str-el
'0704.1179,cond-mat.mtrl-sci,cond-mat.mtrl-sci,0.579543,True,cond-mat.mtrl-sci cond-mat.mes-hall cond-mat.supr-con cond-mat.soft astro-ph
'0704.1180,quant-ph,quant-ph,0.524426,True,quant-ph astro-ph hep-th cond-mat.stat-mech cond-mat.str-el
'0704.1181,quant-ph,cond-mat.mes-hall,0.564994,False,cond-mat.mes-hall quant-ph cond-mat.str-el nucl-ex cond-mat.mtrl-sci
'0704.1182,astro-ph,astro-ph,0.803261,True,astro-ph math.MP math-ph cond-mat.stat-mech cond-mat.str-el
'0704.1183,physics.optics,hep-th,0.345357,False,hep-th math.MP math-ph cond-mat.stat-mech nucl-th
'0704.1184,quant-ph,quant-ph,0.435448,True,quant-ph hep-th gr-qc math.PR cond-mat.str-el
'0704.1185,hep-th,hep-th,0.703795,True,hep-th gr-qc math.AG math.MP math-ph
'0704.1186,cond-mat.dis-nn,cond-mat.stat-mech,0.543894,False,cond-mat.stat-mech cond-mat.mtrl-sci astro-ph cond-mat.dis-nn cond-mat.str-el
'0704.1187,cond-mat.str-el,cond-mat.str-el,0.669429,True,cond-mat.str-el cond-mat.mtrl-sci cond-mat.supr-con cond-mat.mes-hall astro-ph
'0704.1188,hep-ph,nucl-th,0.690694,False,nucl-th hep-ph cond-mat.str-el hep-th cond-mat.mtrl-sci
'0704.1189,astro-ph,astro-ph,0.849205,True,astro-ph cond-mat.mtrl-sci cond-mat.stat-mech hep-ph hep-th
'0704.1190,physics.gen-ph physics.geo-ph,hep-th,0.387552,False,hep-th quant-ph hep-ph math.CO physics.gen-ph
'0704.1191,astro-ph,astro-ph,0.879112,True,astro-ph gr-qc hep-th cond-mat.mes-hall hep-ph
'0704.1192,math.AG math.KT,math.GR,0.311490,False,math.GR hep-th math-ph math.MP astro-ph
'0704.1193,nucl-th,hep-ph,0.426228,False,hep-ph nucl-th astro-ph nucl-ex hep-ex
'0704.1194,cond-mat.dis-nn cond-mat.stat-mech,quant-ph,0.607300,False,quant-ph cond-mat.dis-nn cond-mat.stat-mech cond-mat.str-el physics.data-an
'0704.1195,math.CV,math.CV,0.361302,True,math.CV math.AG math.DG math.MP math-ph
'0704.1196,cs.CG cs.NE,math.CO,0.305864,False,math.CO math.MP math-ph hep-ph cond-mat.stat-mech
'0704.1197,astro-ph,astro-ph,0.532893,True,astro-ph cond-mat.mtrl-sci nucl-th hep-ph cond-mat.mes-hall
'0704.1198,cs.NE cs.NI,math.IT,0.306129,False,math.IT cs.IT astro-ph math.PR cond-mat.stat-mech
'0704.1199,hep-ph,hep-ph,0.594962,True,hep-ph nucl-ex nucl-th hep-ex hep-th
'0704.1200,math-ph math.AP math.MP,math.AP,0.333956,True,math.AP math.CA hep-th quant-ph astro-ph
'0704.1201,hep-ph,hep-ph,0.536448,True,hep-ph nucl-th hep-th astro-ph gr-qc
'0704.1202,astro-ph,astro-ph,0.615923,True,astro-ph hep-ph cond-mat.mes-hall hep-th quant-ph
'0704.1203,hep-lat hep-ph,hep-ph,0.352646,True,hep-ph hep-th astro-ph cond-mat.mes-hall cond-mat.mtrl-sci
'0704.1204,astro-ph,astro-ph,0.705624,True,astro-ph nucl-th gr-qc cond-mat.mtrl-sci cond-mat.mes-hall
'0704.1205,cond-mat.str-el,cond-mat.mtrl-sci,0.743792,False,cond-mat.mtrl-sci cond-mat.str-el cond-mat.mes-hall cond-mat.supr-con cond-mat.soft
'0704.1206,cond-mat.mtrl-sci,math.MP,0.345993,False,math.MP math-ph astro-ph hep-th gr-qc
'0704.1207,math.AP,math.AP,0.443809,True,math.AP gr-qc math.PR hep-th math-ph
'0704.1208,math.AP,math.PR,0.493322,False,math.PR math.AP gr-qc math.CA hep-th
'0704.1209,nucl-ex,astro-ph,0.351353,False,astro-ph nucl-ex hep-ph nucl-th cond-mat.stat-mech
'0704.1210,astro-ph,astro-ph,0.586640,True,astro-ph cond-mat.mtrl-sci hep-ph math.MP math-ph
'0704.1211,cond-mat.soft cond-mat.stat-mech,cond-mat.soft,0.391055,True,cond-mat.soft cond-mat.stat-mech cond-mat.str-el cond-mat.mtrl-sci hep-th
'0704.1212,physics.optics,astro-ph,0.385617,False,astro-ph cond-mat.mtrl-sci cond-mat.mes-hall physics.optics hep-ph
'0704.1213,cond-mat.mes-hall cond-mat.mtrl-sci,cond-mat.mes-hall,0.878907,True,cond-mat.mes-hall cond-mat.str-el cond-mat.mtrl-sci quant-ph cond-mat.other
'0704.1214,astro-ph,astro-ph,0.561232,True,astro-ph hep-th gr-qc hep-ph cond-mat.str-el
'0704.1215,astro-ph,astro-ph,0.822290,True,astro-ph nucl-th gr-qc cond-mat.mtrl-sci cond-mat.str-el
'0704.1216,astro-ph,astro-ph,0.590222,True,astro-ph gr-qc cond-mat.mtrl-sci hep-th cond-mat.soft
'0704.1217,math.AG math.NT,math.AG,0.334984,True,math.AG math.QA quant-ph astro-ph hep-ph
'0704.1218,astro-ph,astro-ph,0.894474,True,astro-ph gr-qc hep-th hep-ph cond-mat.stat-mech
'0704.1219,hep-th,hep-th,0.512511,True,hep-th quant-ph math.MP math-ph hep-ph
'0704.1220,astro-ph,astro-ph,0.808844,True,astro-ph cond-mat.mtrl-sci cond-mat.mes-hall gr-qc hep-th
'0704.1221,math.DS,hep-th,0.362708,False,hep-th quant-ph cond-mat.stat-mech gr-qc math.AP
'0704.1222,astro-ph,hep-ph,0.492277,False,hep-ph astro-ph nucl-th nucl-ex hep-th
'0704.1223,math.PR,math.PR,0.568138,True,math.PR math.CA math.AP math.MP math-ph
'0704.1224,astro-ph gr-qc hep-ph hep-th,hep-th,0.625534,True,hep-th gr-qc hep-ph astro-ph math.AP
'0704.1225,cond-mat.dis-nn physics.soc-ph q-fin.GN,cond-mat.stat-mech,0.325751,False,cond-mat.stat-mech physics.soc-ph astro-ph cond-mat.mtrl-sci cond-mat.soft
'0704.1226,astro-ph,astro-ph,0.705650,True,astro-ph hep-ph cond-mat.mes-hall hep-th gr-qc
'0704.1227,cond-mat.mtrl-sci cond-mat.supr-con,cond-mat.stat-mech,0.377463,False,cond-mat.stat-mech cond-mat.supr-con cond-mat.str-el quant-ph cond-mat.mtrl-sci
'0704.1228,astro-ph,astro-ph,0.848902,True,astro-ph cond-mat.stat-mech cond-mat.soft cond-mat.mtrl-sci hep-ph
'0704.1229,nucl-th,hep-ph,0.364950,False,hep-ph nucl-th astro-ph hep-th quant-ph
'0704.1230,math.AP math.OA,math.AP,0.427071,True,math.AP math.CA math.MP math-ph quant-ph
'0704.1231,math.QA math.RA,hep-th,0.323047,False,hep-th math.MP math-ph quant-ph astro-ph
'0704.1232,hep-ph,hep-ph,0.444175,True,hep-ph quant-ph cond-mat.str-el hep-th hep-ex
'0704.1233,cond-mat.stat-mech,cond-mat.stat-mech,0.490893,True,cond-mat.stat-mech cond-mat.mtrl-sci cond-mat.str-el cond-mat.soft cond-mat.mes-hall
'0704.1234,hep-ph hep-th,hep-th,0.754725,True,hep-th gr-qc hep-ph math.MP math-ph
'0704.1235,cond-mat.dis-nn cond-mat.stat-mech,astro-ph,0.426573,False,astro-ph hep-ph cond-mat.stat-mech cond-mat.mtrl-sci cond-mat.str-el
'0704.1236,math.AG,math.AG,0.619981,True,math.AG math.RT hep-th math-ph math.MP
'0704.1237,astro-ph,astro-ph,0.870074,True,astro-ph cond-mat.mtrl-sci cond-mat.mes-hall cond-mat.str-el cond-mat.stat-mech
'0704.1238,math.AG,math.AG,0.760036,True,math.AG math.RT math.CO math.AC math.QA
'0704.1239,hep-th,gr-qc,0.722357,False,gr-qc hep-th math.MP math-ph quant-ph
'0704.1240,cond-mat.str-el cond-mat.supr-con,cond-mat.supr-con,0.547220,True,cond-mat.supr-con cond-mat.mes-hall cond-mat.str-el cond-mat.mtrl-sci hep-ph
'0704.1241,cond-mat.mtrl-sci,cond-mat.mtrl-sci,0.479970,True,cond-mat.mtrl-sci cond-mat.str-el cond-mat.stat-mech cond-mat.supr-con cond-mat.mes-hall
'0704.1242,cond-mat.dis-nn cond-mat.mes-hall cond-mat.mtrl-sci,cond-mat.mes-hall,0.662802,True,cond-mat.mes-hall cond-mat.str-el cond-mat.supr-con cond-mat.mtrl-sci cond-mat.stat-mech
'0704.1243,cond-mat.mtrl-sci,cond-mat.mtrl-sci,0.625037,True,cond-mat.mtrl-sci cond-mat.str-el cond-mat.stat-mech cond-mat.mes-hall cond-mat.supr-con
'0704.1244,astro-ph,astro-ph,0.766308,True,astro-ph hep-ph cond-mat.mtrl-sci gr-qc hep-th
'0704.1245,astro-ph,astro-ph,0.857966,True,astro-ph hep-ph gr-qc hep-th cond-mat.mtrl-sci
'0704.1246,hep-th math.GT math.QA,math.MP,0.363314,False,math.MP math-ph math.GT hep-th math.DG
'0704.1247,hep-lat hep-ph hep-th nucl-th,hep-th,0.451830,True,hep-th hep-ph nucl-th cond-mat.stat-mech math.MP
'0704.1248,hep-ph,hep-ph,0.580644,True,hep-ph astro-ph hep-th nucl-th hep-ex
'0704.1249,math.AG math.RT,hep-th,0.401257,False,hep-th math.QA math.RT math.AG math-ph
'0704.1250,astro-ph,astro-ph,0.659819,True,astro-ph hep-ph nucl-ex cond-mat.mtrl-sci hep-th
'0704.1251,cond-mat.mtrl-sci,cond-mat.mtrl-sci,0.655180,True,cond-mat.mtrl-sci cond-mat.str-el cond-mat.stat-mech hep-ph cond-mat.mes-hall
'0704.1252,astro-ph,astro-ph,0.531111,True,astro-ph gr-qc cond-mat.mes-hall hep-th cond-mat.other
'0704.1253,astro-ph,astro-ph,0.782202,True,astro-ph cond-mat.mtrl-sci quant-ph hep-ph cond-mat.str-el
'0704.1254,cond-mat.str-el,cond-mat.str-el,0.632503,True,cond-mat.str-el cond-mat.mtrl-sci cond-mat.mes-hall cond-mat.stat-mech cond-mat.supr-con
'0704.1255,nlin.CD physics.flu-dyn,cond-mat.stat-mech,0.484831,False,cond-mat.stat-mech cond-mat.soft astro-ph gr-qc cond-mat.mtrl-sci
'0704.1256,hep-ph hep-th,hep-ph,0.705814,True,hep-ph hep-th gr-qc math.MP math-ph
'0704.1257,math.AP math.RA,hep-th,0.315392,False,hep-th math.CO cs.CC astro-ph quant-ph
'0704.1258,astro-ph,astro-ph,0.695341,True,astro-ph hep-th gr-qc hep-ph cond-mat.mtrl-sci
'0704.1259,math.PR,math.PR,0.539634,True,math.PR math.MP math-ph hep-th astro-ph
'0704.1260,cond-mat.mes-hall quant-ph,cond-mat.mes-hall,0.691078,True,cond-mat.mes-hall cond-mat.str-el quant-ph cond-mat.mtrl-sci cond-mat.supr-con
'0704.1261,gr-qc,gr-qc,0.456326,True,gr-qc hep-th cond-mat.stat-mech cond-mat.str-el cond-mat.mtrl-sci
'0704.1262,cond-mat.other nlin.CD nucl-th physics.data-an,hep-th,0.439050,False,hep-th hep-ph cond-mat.str-el cond-mat.stat-mech gr-qc
'0704.1263,quant-ph,quant-ph,0.655954,True,quant-ph hep-th physics.gen-ph cond-mat.stat-mech math.MP
'0704.1264,cond-mat.mes-hall,cond-mat.mes-hall,0.417118,True,cond-mat.mes-hall astro-ph cond-mat.other quant-ph cond-mat.mtrl-sci
'0704.1265,astro-ph,astro-ph,0.667014,True,astro-ph hep-th cond-mat.mtrl-sci quant-ph cond-mat.mes-hall
'0704.1266,hep-ex,hep-ex,0.904360,True,hep-ex hep-ph astro-ph cond-mat.mes-hall nucl-ex
'0704.1267,cs.CV,astro-ph,0.396631,False,astro-ph hep-th cond-mat.stat-mech quant-ph cond-mat.mtrl-sci
'0704.1268,cond-mat.supr-con,cond-mat.supr-con,0.381906,True,cond-mat.supr-con hep-ph astro-ph cond-mat.mtrl-sci cond-mat.str-el
'0704.1269,cond-mat.dis-nn cond-mat.stat-mech cs.CC,cond-mat.stat-mech,0.340398,True,cond-mat.stat-mech quant-ph hep-th cond-mat.str-el math.CO
'0704.1270,astro-ph hep-ph nucl-ex nucl-th,nucl-ex,0.559834,True,nucl-ex nucl-th astro-ph hep-ph cond-mat.mtrl-sci
'0704.1271,hep-ph,hep-ph,0.406315,True,hep-ph hep-th gr-qc quant-ph cond-mat.str-el
'0704.1272,math.DS math.GT,math.DS,0.421677,True,math.DS gr-qc math-ph math.MP hep-th
'0704.1273,math.AG math.NT,math.AG,0.562487,True,math.AG math.MP math-ph hep-th math.CO
'0704.1274,cs.LG,astro-ph,0.305140,False,astro-ph cond-mat.stat-mech hep-th quant-ph gr-qc
'0704.1275,astro-ph,astro-ph,0.666476,True,astro-ph nucl-th hep-th gr-qc cond-mat.stat-mech
'0704.1276,astro-ph,astro-ph,0.670700,True,astro-ph cond-mat.mes-hall gr-qc cond-mat.mtrl-sci hep-th
'0704.1277,quant-ph,quant-ph,0.648554,True,quant-ph cond-mat.str-el hep-th cond-mat.mes-hall hep-ph
'0704.1278,astro-ph,astro-ph,0.657573,True,astro-ph cond-mat.mtrl-sci gr-qc hep-ph cond-mat.stat-mech
'0704.1279,physics.optics,cond-mat.other,0.341995,False,cond-mat.other quant-ph astro-ph hep-th physics.optics
'0704.1280,quant-ph,quant-ph,0.837424,True,quant-ph cond-mat.mes-hall cond-mat.str-el hep-th math.MP
'0704.1281,astro-ph,astro-ph,0.866869,True,astro-ph gr-qc hep-th hep-ph quant-ph
'0704.1282,math.HO math.NT,math.MP,0.329492,False,math.MP math-ph quant-ph hep-th math.DG
'0704.1283,cond-mat.str-el,quant-ph,0.438276,False,quant-ph cond-mat.mtrl-sci cond-mat.str-el cond-mat.mes-hall cond-mat.other
'0704.1284,math.DS,hep-th,0.360498,False,hep-th cond-mat.stat-mech math.RT cond-mat.str-el cond-mat.mtrl-sci
'0704.1285,cond-mat.str-el,cond-mat.str-el,0.499110,True,cond-mat.str-el cond-mat.mtrl-sci cond-mat.mes-hall physics.optics astro-ph
'0704.1286,math.NA,math.NA,0.370200,True,math.NA cond-mat.stat-mech cond-mat.mtrl-sci math.PR math.AP
'0704.1287,quant-ph,quant-ph,0.529258,True,quant-ph cond-mat.mes-hall hep-th cond-mat.str-el cond-mat.stat-mech
'0704.1288,cond-mat.mtrl-sci cond-mat.soft,cond-mat.mtrl-sci,0.400581,True,cond-mat.mtrl-sci astro-ph cond-mat.stat-mech hep-ph physics.gen-ph
'0704.1289,gr-qc,hep-th,0.649214,False,hep-th gr-qc hep-ph quant-ph math.MP
'0704.1290,hep-ph hep-th nucl-th,hep-th,0.638294,True,hep-th hep-ph gr-qc cond-mat.mes-hall cond-mat.str-el
'0704.1291,cond-mat.other math-ph math.MP quant-ph,quant-ph,0.503869,True,quant-ph math.AG math.MP math-ph cond-mat.str-el
'0704.1292,cond-mat.mes-hall cond-mat.supr-con,cond-mat.mes-hall,0.529136,True,cond-mat.mes-hall cond-mat.other hep-ph cond-mat.supr-con cond-mat.stat-mech
'0704.1293,math.CO,math.CV,0.339044,False,math.CV math.CO math.MP math-ph hep-th
'0704.1294,cs.SE,hep-ph,0.331190,False,hep-ph hep-th astro-ph math.MP math-ph
'0704.1295,cond-mat.supr-con,cond-mat.supr-con,0.719784,True,cond-mat.supr-con cond-mat.str-el cond-mat.mtrl-sci cond-mat.mes-hall hep-ph
'0704.1296,astro-ph,astro-ph,0.560324,True,astro-ph hep-th cond-mat.stat-mech cond-mat.mtrl-sci gr-qc
'0704.1297,astro-ph,astro-ph,0.804759,True,astro-ph hep-ph cond-mat.str-el cond-mat.mtrl-sci hep-ex
'0704.1298,astro-ph,astro-ph,0.742917,True,astro-ph cond-mat.mtrl-sci math.MP math-ph physics.optics
'0704.1299,astro-ph,astro-ph,0.707004,True,astro-ph cond-mat.mtrl-sci hep-th hep-ph gr-qc
'0704.1300,astro-ph,astro-ph,0.754811,True,astro-ph gr-qc hep-th math.MP math-ph
'0704.1301,astro-ph,astro-ph,0.900273,True,astro-ph gr-qc hep-ph cond-mat.mtrl-sci cond-mat.stat-mech
'0704.1302,astro-ph,astro-ph,0.733233,True,astro-ph cond-mat.stat-mech hep-ph quant-ph cond-mat.mtrl-sci
'0704.1303,physics.gen-ph,astro-ph,0.482854,False,astro-ph gr-qc hep-th hep-ph physics.gen-ph
'0704.1304,astro-ph,astro-ph,0.565920,True,astro-ph cond-mat.mtrl-sci quant-ph gr-qc cond-mat.other
'0704.1305,cond-mat.mtrl-sci cond-mat.other,cond-mat.mtrl-sci,0.555995,True,cond-mat.mtrl-sci cond-mat.mes-hall cond-mat.str-el cond-mat.stat-mech hep-th
'0704.1306,astro-ph,astro-ph,0.725564,True,astro-ph cond-mat.mtrl-sci hep-ph cond-mat.stat-mech cond-mat.mes-hall
'0704.1307,hep-ex,hep-ex,0.810372,True,hep-ex hep-ph hep-lat nucl-ex nucl-th
'0704.1308,cs.IT math.IT,math.IT,0.538035,True,math.IT cs.IT hep-ph quant-ph astro-ph
'0704.1309,quant-ph,quant-ph,0.631740,True,quant-ph cond-mat.str-el cond-mat.mes-hall cond-mat.mtrl-sci cond-mat.supr-con
'0704.1310,math.CO math.GT,math.CO,0.566521,True,math.CO math.MP math-ph math.AG hep-th
'0704.1311,astro-ph gr-qc hep-ph hep-th,hep-th,0.642519,True,hep-th gr-qc math.AP astro-ph math.PR
'0704.1312,math.PR,math.PR,0.482719,True,math.PR math.AP hep-th cond-mat.stat-mech gr-qc
'0704.1313,math.CO math.GT,cond-mat.stat-mech,0.326960,False,cond-mat.stat-mech math.CO cond-mat.soft math.RT math-ph
'0704.1314,physics.flu-dyn,hep-th,0.288702,False,hep-th gr-qc astro-ph cond-mat.mtrl-sci cond-mat.mes-hall
'0704.1315,astro-ph,astro-ph,0.820579,True,astro-ph hep-th hep-ph nucl-th quant-ph
'0704.1316,cond-mat.mtrl-sci cond-mat.soft,cond-mat.mtrl-sci,0.702817,True,cond-mat.mtrl-sci cond-mat.mes-hall astro-ph nucl-th cond-mat.other
'0704.1317,cs.IT math.IT,math.IT,0.774624,True,math.IT cs.IT cond-mat.stat-mech quant-ph cond-mat.mes-hall
'0704.1318,astro-ph,astro-ph,0.795576,True,astro-ph math.MP math-ph hep-ph cond-mat.stat-mech
'0704.1319,physics.ed-ph,hep-th,0.401052,False,hep-th quant-ph gr-qc math-ph math.MP
'0704.1320,hep-th,hep-th,0.750504,True,hep-th hep-ph gr-qc astro-ph cond-mat.stat-mech
'0704.1321,physics.flu-dyn,astro-ph,0.416012,False,astro-ph cond-mat.supr-con cond-mat.mes-hall hep-ph cond-mat.stat-mech
'0704.1322,physics.gen-ph,gr-qc,0.599395,False,gr-qc astro-ph hep-th hep-ph nucl-th
'0704.1323,cond-mat.stat-mech cond-mat.supr-con hep-lat,cond-mat.str-el,0.531274,False,cond-mat.str-el hep-ph hep-th cond-mat.stat-mech cond-mat.mtrl-sci
'0704.1324,astro-ph hep-ph,astro-ph,0.858028,True,astro-ph gr-qc hep-ph hep-th nucl-th
'0704.1325,astro-ph,astro-ph,0.658879,True,astro-ph hep-ph gr-qc cond-mat.mes-hall quant-ph
'0704.1326,nlin.SI,hep-th,0.314347,False,hep-th math.MP math-ph quant-ph cond-mat.stat-mech
'0704.1327,math.NT,math.CO,0.309143,False,math.CO math.MP math-ph math.RT math.RA
'0704.1328,astro-ph,astro-ph,0.864225,True,astro-ph nucl-ex hep-ph nucl-th gr-qc
'0704.1329,astro-ph,astro-ph,0.736836,True,astro-ph hep-ph nucl-th hep-th nucl-ex
'0704.1330,math.GT math.SG,hep-th,0.384823,False,hep-th math.CO math-ph math.MP math.DG
'0704.1331,math.AG math.NT,math.MP,0.414799,False,math.MP math-ph hep-th math.AG math.CV
'0704.1332,math-ph math.MP,hep-th,0.313196,False,hep-th math.AP math-ph math.MP cond-mat.stat-mech
'0704.1333,math.AG math.NT,hep-th,0.339005,False,hep-th astro-ph math.MP math-ph quant-ph
'0704.1334,physics.ins-det,cond-mat.mes-hall,0.337966,False,cond-mat.mes-hall cond-mat.stat-mech cond-mat.mtrl-sci astro-ph cond-mat.supr-con
'0704.1335,math.AG math.AT,math.AG,0.469227,True,math.AG math.CV hep-th math.MP math-ph
'0704.1336,nucl-th,nucl-th,0.611580,True,nucl-th hep-ph hep-th nucl-ex cond-mat.mes-hall
'0704.1337,hep-ph,hep-ph,0.522699,True,hep-ph nucl-th astro-ph hep-th nucl-ex
'0704.1338,physics.soc-ph q-fin.ST,physics.data-an,0.437615,False,physics.data-an astro-ph cond-mat.mtrl-sci cond-mat.stat-mech hep-th
'0704.1339,astro-ph,astro-ph,0.643355,True,astro-ph hep-ph cond-mat.mtrl-sci hep-th cond-mat.stat-mech
'0704.1340,math.AG,math.AG,0.758867,True,math.AG math.CO math.GT math.SG math-ph
'0704.1341,math.DG,hep-th,0.318029,False,hep-th astro-ph math.MP math-ph gr-qc
'0704.1342,nucl-th,nucl-th,0.386252,True,nucl-th nucl-ex cond-mat.str-el hep-th cond-mat.stat-mech
'0704.1343,math.AP math.FA,math.FA,0.394842,True,math.FA math.CA math.PR hep-th math.AP
'0704.1344,hep-ph,hep-ph,0.743563,True,hep-ph hep-ex cond-mat.str-el astro-ph cond-mat.stat-mech
'0704.1345,hep-ph,hep-ph,0.740888,True,hep-ph hep-ex hep-th astro-ph nucl-th
'0704.1346,astro-ph,astro-ph,0.556311,True,astro-ph hep-ph hep-th cond-mat.mtrl-sci gr-qc
'0704.1347,math.AG,math.RT,0.489451,False,math.RT math.AG hep-th astro-ph math.AC
'0704.1348,math.PR q-fin.RM,astro-ph,0.338499,False,astro-ph cond-mat.stat-mech cond-mat.mtrl-sci hep-ph math.PR
'0704.1349,math.AP,math.AP,0.412807,True,math.AP hep-th gr-qc hep-ph cond-mat.stat-mech
'0704.1350,gr-qc,gr-qc,0.345682,True,gr-qc hep-th physics.gen-ph quant-ph math.MP
'0704.1351,gr-qc hep-th,gr-qc,0.509044,True,gr-qc hep-th astro-ph math.AP math.DG
'0704.1352,math.AP,math.AP,0.496465,True,math.AP hep-th gr-qc math.MP math-ph
'0704.1353,cs.DB cs.DL cs.HC cs.OH,astro-ph,0.364482,False,astro-ph quant-ph cond-mat.stat-mech math-ph math.MP
'0704.1354,hep-ex,nucl-th,0.374982,False,nucl-th cond-mat.mtrl-sci hep-ph astro-ph cond-mat.mes-hall
'0704.1355,astro-ph hep-ph hep-th,hep-th,0.761964,True,hep-th hep-ph gr-qc astro-ph math.MP
'0704.1356,cond-mat.dis-nn cond-mat.mtrl-sci,astro-ph,0.361759,False,astro-ph cond-mat.stat-mech cond-mat.mtrl-sci cond-mat.supr-con cond-mat.str-el
'0704.1357,cond-mat.mtrl-sci,cond-mat.mtrl-sci,0.346019,True,cond-mat.mtrl-sci cond-mat.mes-hall astro-ph cond-mat.stat-mech cond-mat.str-el
'0704.1358,cs.DM cs.IT math.IT,math.CO,0.269760,False,math.CO astro-ph math-ph math.MP math.CV
'0704.1359,quant-ph,quant-ph,0.848633,True,quant-ph hep-th cond-mat.mes-hall cond-mat.str-el cond-mat.stat-mech
'0704.1360,astro-ph,gr-qc,0.474157,False,gr-qc hep-th astro-ph quant-ph cond-mat.stat-mech
'0704.1361,math.NA math.ST stat.CO stat.TH,cond-mat.stat-mech,0.379602,False,cond-mat.stat-mech astro-ph quant-ph cond-mat.mtrl-sci math.IT
'0704.1362,q-bio.NC q-bio.QM,quant-ph,0.341238,False,quant-ph astro-ph gr-qc cond-mat.stat-mech hep-th
'0704.1363,math-ph math.DG math.MP,gr-qc,0.338721,False,gr-qc hep-th math.AP math.CA math.DG
'0704.1364,astro-ph,astro-ph,0.812901,True,astro-ph cond-mat.mtrl-sci cond-mat.stat-mech nucl-th hep-ph
'0704.1365,quant-ph,quant-ph,0.626460,True,quant-ph hep-th cond-mat.mes-hall cond-mat.stat-mech gr-qc
'0704.1366,astro-ph,astro-ph,0.918481,True,astro-ph gr-qc hep-ph quant-ph hep-th
'0704.1367,math.AG,math.AG,0.714592,True,math.AG math.CO math.GT math.MP math-ph
'0704.1368,quant-ph,quant-ph,0.593203,True,quant-ph cond-mat.str-el cond-mat.stat-mech cond-mat.mes-hall cond-mat.mtrl-sci
'0704.1369,hep-ex,nucl-ex,0.683080,False,nucl-ex hep-ph nucl-th astro-ph hep-ex
'0704.1370,quant-ph,quant-ph,0.519003,True,quant-ph cond-mat.stat-mech physics.gen-ph math.MP math-ph
'0704.1371,quant-ph,quant-ph,0.557997,True,quant-ph astro-ph cond-mat.mes-hall hep-th hep-ph
'0704.1372,math.AP,math.AP,0.485936,True,math.AP hep-th math.CA cond-mat.stat-mech gr-qc
'0704.1373,cs.PL,quant-ph,0.301216,False,quant-ph cs.IT math.IT physics.soc-ph astro-ph
'0704.1374,astro-ph,astro-ph,0.884436,True,astro-ph nucl-th gr-qc hep-th hep-ph
'0704.1375,quant-ph,quant-ph,0.693803,True,quant-ph cond-mat.str-el cond-mat.stat-mech cond-mat.mes-hall hep-th
'0704.1376,astro-ph,astro-ph,0.724947,True,astro-ph hep-th gr-qc cond-mat.str-el hep-ph
'0704.1377,cond-mat.other,cond-mat.other,0.685296,True,cond-mat.other cond-mat.mes-hall cond-mat.str-el cond-mat.mtrl-sci cond-mat.stat-mech
'0704.1378,math.AT math.CT math.KT,cond-mat.stat-mech,0.386670,False,cond-mat.stat-mech hep-th cond-mat.mtrl-sci math.QA math-ph
'0704.1379,math.PR math.ST stat.TH,hep-th,0.260682,False,hep-th astro-ph math.MP math-ph quant-ph
'0704.1380,cond-mat.mtrl-sci,cond-mat.mtrl-sci,0.533744,True,cond-mat.mtrl-sci cond-mat.str-el cond-mat.mes-hall hep-ph hep-th
'0704.1381,physics.atm-clus physics.chem-ph physics.gen-ph,cond-mat.mtrl-sci,0.381463,False,cond-mat.mtrl-sci cond-mat.stat-mech cond-mat.soft quant-ph cond-mat.mes-hall
'0704.1382,nlin.CD quant-ph,cond-mat.mes-hall,0.440297,False,cond-mat.mes-hall quant-ph hep-ph cond-mat.str-el cond-mat.mtrl-sci
'0704.1383,astro-ph gr-qc hep-th,astro-ph,0.626976,True,astro-ph gr-qc hep-th hep-ph physics.gen-ph
'0704.1384,math.AG,math.AG,0.683663,True,math.AG math.CO math.CV math.MP math-ph
'0704.1385,math.DS,cond-mat.stat-mech,0.340644,False,cond-mat.stat-mech math.CO astro-ph math.PR math.DS
'0704.1386,cond-mat.dis-nn cond-mat.mes-hall cond-mat.str-el,cond-mat.mes-hall,0.546806,True,cond-mat.mes-hall cond-mat.str-el cond-mat.dis-nn cond-mat.stat-mech cond-mat.mtrl-sci
'0704.1387,astro-ph,astro-ph,0.485408,True,astro-ph gr-qc cond-mat.soft hep-ph cond-mat.mes-hall
'0704.1388,astro-ph,astro-ph,0.730853,True,astro-ph cond-mat.mtrl-sci quant-ph nucl-th cond-mat.str-el
'0704.1389,cond-mat.str-el,cond-mat.str-el,0.615262,True,cond-mat.str-el cond-mat.mtrl-sci cond-mat.supr-con cond-mat.other astro-ph
'0704.1390,q-bio.CB,cond-mat.stat-mech,0.362975,False,cond-mat.stat-mech astro-ph cond-mat.mtrl-sci cond-mat.mes-hall cond-mat.soft
'0704.1391,cond-mat.soft,hep-th,0.463228,False,hep-th cond-mat.stat-mech cond-mat.soft cond-mat.mtrl-sci cond-mat.mes-hall
'0704.1392,hep-ph,hep-ph,0.802205,True,hep-ph hep-ex nucl-th nucl-ex hep-th
'0704.1393,astro-ph,astro-ph,0.853168,True,astro-ph hep-ph cond-mat.mtrl-sci cond-mat.stat-mech gr-qc
'0704.1394,cs.AI,hep-th,0.271581,False,hep-th hep-ph astro-ph quant-ph gr-qc
'0704.1395,hep-ph,hep-ph,0.878443,True,hep-ph hep-ex hep-th nucl-th nucl-ex
'0704.1396,nucl-ex,nucl-th,0.471134,False,nucl-th nucl-ex cond-mat.str-el hep-ph cond-mat.stat-mech
'0704.1397,math.NT,math.QA,0.382644,False,math.QA math.MP math-ph hep-th math.RT
'0704.1398,astro-ph,astro-ph,0.484099,True,astro-ph cond-mat.stat-mech hep-th math.MP math-ph
'0704.1399,math.FA,math.FA,0.312629,True,math.FA math.MP math-ph math.CA astro-ph
'0704.1400,astro-ph,astro-ph,0.676645,True,astro-ph hep-ph quant-ph cond-mat.stat-mech hep-th
'0704.1401,math.SG nlin.SI,math.MP,0.410033,False,math.MP math-ph math.QA math.RT quant-ph
'0704.1402,cond-mat.str-el,cond-mat.mtrl-sci,0.598424,False,cond-mat.mtrl-sci cond-mat.str-el cond-mat.stat-mech cond-mat.mes-hall hep-ph
'0704.1403,math.DG math.QA math.SG,hep-th,0.323241,False,hep-th hep-ph gr-qc math.QA quant-ph
'0704.1404,nucl-th,nucl-th,0.642370,True,nucl-th hep-ph nucl-ex cond-mat.str-el astro-ph
'0704.1405,gr-qc hep-th,hep-th,0.507371,True,hep-th gr-qc cond-mat.stat-mech quant-ph math.PR
'0704.1406,nlin.CD,hep-th,0.299660,False,hep-th astro-ph quant-ph math.AP hep-ph
'0704.1407,cond-mat.mtrl-sci cond-mat.str-el,cond-mat.mtrl-sci,0.508327,True,cond-mat.mtrl-sci cond-mat.str-el hep-ph astro-ph cond-mat.supr-con
'0704.1408,astro-ph,astro-ph,0.735091,True,astro-ph gr-qc hep-ph hep-th hep-ex
'0704.1409,cs.AI cs.LG,astro-ph,0.350933,False,astro-ph hep-ph gr-qc hep-th quant-ph
'0704.1410,nucl-th,hep-ph,0.505203,False,hep-ph hep-th nucl-th cond-mat.str-el cond-mat.stat-mech
'0704.1411,cs.IT math.IT,math.IT,0.498724,True,math.IT cs.IT cs.CC astro-ph hep-ph
'0704.1412,cond-mat.mtrl-sci,cond-mat.mtrl-sci,0.487791,True,cond-mat.mtrl-sci cond-mat.stat-mech astro-ph cond-mat.dis-nn cond-mat.other
'0704.1413,cond-mat.other,quant-ph,0.641711,False,quant-ph cond-mat.mes-hall cond-mat.mtrl-sci cond-mat.other cond-mat.str-el
'0704.1414,math.PR,math.MP,0.367947,False,math.MP math-ph hep-th math.AP math.PR
'0704.1415,math.ST stat.TH,stat.TH,0.321359,True,stat.TH math.ST math.PR astro-ph cond-mat.stat-mech
'0704.1416,hep-lat hep-ph,cond-mat.str-el,0.617373,False,cond-mat.str-el hep-ph cond-mat.stat-mech hep-th cond-mat.supr-con
'0704.1417,hep-ph hep-th nucl-th,hep-ph,0.559514,True,hep-ph hep-th nucl-th gr-qc quant-ph
'0704.1418,math.CA math.DS,math.MP,0.286303,False,math.MP math-ph quant-ph hep-th hep-ph
'0704.1419,cond-mat.mtrl-sci,cond-mat.str-el,0.340104,False,cond-mat.str-el cond-mat.mtrl-sci astro-ph cond-mat.stat-mech hep-ph
'0704.1420,hep-th,hep-ph,0.576315,False,hep-ph hep-th cond-mat.str-el gr-qc cond-mat.mes-hall
'0704.1421,astro-ph,astro-ph,0.729253,True,astro-ph hep-th gr-qc hep-ph math.MP
'0704.1422,hep-ph,hep-ph,0.556787,True,hep-ph astro-ph nucl-ex hep-ex cond-mat.soft
'0704.1423,physics.atom-ph,quant-ph,0.507867,False,quant-ph nucl-th cond-mat.str-el hep-ph cond-mat.stat-mech
'0704.1424,nucl-ex,hep-ph,0.622325,False,hep-ph nucl-ex nucl-th astro-ph hep-ex
'0704.1425,cond-mat.str-el cond-mat.supr-con,cond-mat.str-el,0.463976,True,cond-mat.str-el cond-mat.stat-mech cond-mat.supr-con cond-mat.mtrl-sci cond-mat.mes-hall
'0704.1426,hep-ph,hep-ph,0.531219,True,hep-ph gr-qc hep-th astro-ph nucl-th
'0704.1427,cond-mat.mes-hall,cond-mat.mes-hall,0.818759,True,cond-mat.mes-hall cond-mat.str-el quant-ph cond-mat.supr-con cond-mat.mtrl-sci
'0704.1428,cond-mat.mtrl-sci,cond-mat.mtrl-sci,0.412719,True,cond-mat.mtrl-sci quant-ph cond-mat.str-el hep-th cond-mat.stat-mech
'0704.1429,hep-ph,hep-ph,0.679648,True,hep-ph astro-ph hep-th nucl-th gr-qc
'0704.1430,astro-ph,astro-ph,0.858089,True,astro-ph gr-qc cond-mat.stat-mech hep-th nucl-th
'0704.1431,math.CO,math.CO,0.428984,True,math.CO math.MP math-ph math.ST stat.TH
'0704.1432,math.GT,math.AG,0.397356,False,math.AG hep-th astro-ph math.CO cond-mat.stat-mech
'0704.1433,math.PR q-fin.CP,cond-mat.stat-mech,0.420416,False,cond-mat.stat-mech cond-mat.str-el math.PR astro-ph physics.comp-ph
'0704.1434,cond-mat.str-el,cond-mat.str-el,0.659892,True,cond-mat.str-el cond-mat.supr-con hep-ph hep-th cond-mat.stat-mech
'0704.1435,math-ph math.MP quant-ph,quant-ph,0.733709,True,quant-ph hep-th cond-mat.stat-mech cond-mat.str-el cond-mat.mes-hall
'0704.1436,astro-ph gr-qc hep-th,hep-th,0.790023,True,hep-th gr-qc hep-ph astro-ph physics.gen-ph
'0704.1437,astro-ph cond-mat.stat-mech,hep-th,0.329756,False,hep-th astro-ph cond-mat.mes-hall gr-qc cond-mat.str-el
'0704.1438,hep-th,hep-th,0.515147,True,hep-th gr-qc astro-ph hep-ph quant-ph
'0704.1439,cond-mat.stat-mech,cond-mat.str-el,0.634142,False,cond-mat.str-el cond-mat.mes-hall cond-mat.stat-mech cond-mat.supr-con cond-mat.mtrl-sci
'0704.1440,cond-mat.mtrl-sci,cond-mat.stat-mech,0.438366,False,cond-mat.stat-mech math.MP math-ph cond-mat.dis-nn hep-th
'0704.1441,cond-mat.stat-mech cond-mat.str-el,cond-mat.str-el,0.847122,True,cond-mat.str-el cond-mat.mtrl-sci cond-mat.stat-mech quant-ph cond-mat.mes-hall
'0704.1442,astro-ph,astro-ph,0.878834,True,astro-ph gr-qc hep-ph cond-mat.str-el hep-ex
'0704.1443,cond-mat.mes-hall,cond-mat.mes-hall,0.794685,True,cond-mat.mes-hall cond-mat.str-el quant-ph cond-mat.mtrl-sci hep-th
'0704.1444,cond-mat.mtrl-sci,cond-mat.stat-mech,0.469988,False,cond-mat.stat-mech cond-mat.mtrl-sci cond-mat.dis-nn cond-mat.other astro-ph
'0704.1445,cond-mat.mes-hall cond-mat.str-el,cond-mat.str-el,0.616713,True,cond-mat.str-el cond-mat.mes-hall quant-ph cond-mat.mtrl-sci cond-mat.dis-nn
'0704.1446,math.DG,math.DG,0.590156,True,math.DG hep-th gr-qc math.CA math.AG
'0704.1447,astro-ph gr-qc hep-th,hep-th,0.593755,True,hep-th gr-qc astro-ph hep-ph math.MP
'0704.1448,astro-ph,astro-ph,0.584785,True,astro-ph hep-th gr-qc cond-mat.stat-mech cond-mat.soft
'0704.1449,math.OA,math.OA,0.323428,True,math.OA math.MP math-ph math.FA astro-ph
'0704.1450,astro-ph,astro-ph,0.895074,True,astro-ph math.MP math-ph cond-mat.mtrl-sci cond-mat.mes-hall
'0704.1451,hep-ph,hep-ph,0.560653,True,hep-ph astro-ph hep-th gr-qc nucl-th
'0704.1452,hep-th,hep-th,0.709389,True,hep-th gr-qc quant-ph astro-ph cond-mat.stat-mech
'0704.1453,cond-mat.other,cond-mat.stat-mech,0.432211,False,cond-mat.stat-mech cond-mat.mtrl-sci cond-mat.other cond-mat.str-el cond-mat.mes-hall
'0704.1454,astro-ph,astro-ph,0.750530,True,astro-ph gr-qc cond-mat.mtrl-sci hep-ph quant-ph
'0704.1455,cs.IT math.IT,cond-mat.stat-mech,0.345790,False,cond-mat.stat-mech hep-th astro-ph math.ST stat.TH
'0704.1456,astro-ph,astro-ph,0.608416,True,astro-ph cond-mat.mtrl-sci cond-mat.str-el cond-mat.mes-hall nucl-th
'0704.1457,gr-qc,hep-th,0.778706,False,hep-th gr-qc math.MP math-ph math.RT
'0704.1458,astro-ph,astro-ph,0.910198,True,astro-ph gr-qc hep-ph hep-th quant-ph
'0704.1459,math.FA,math.MP,0.432240,False,math.MP math-ph math.FA math.CA math.AG
'0704.1460,hep-th,hep-th,0.642662,True,hep-th math.MP math-ph math.AG hep-ph
'0704.1461,cond-mat.soft nucl-ex nucl-th,nucl-th,0.519512,True,nucl-th quant-ph cond-mat.str-el hep-th hep-ph
'0704.1462,astro-ph,astro-ph,0.730178,True,astro-ph hep-th cond-mat.stat-mech hep-ph nucl-th
'0704.1463,math.PR,astro-ph,0.297646,False,astro-ph cond-mat.stat-mech math.AP hep-th hep-ph
'0704.1464,quant-ph,quant-ph,0.878796,True,quant-ph cond-mat.mes-hall cond-mat.stat-mech astro-ph math.MP
'0704.1465,astro-ph,astro-ph,0.873030,True,astro-ph math.MP math-ph cond-mat.stat-mech cond-mat.mtrl-sci
'0704.1466,math.ST stat.ME stat.TH,cond-mat.stat-mech,0.329524,False,cond-mat.stat-mech physics.data-an math.CO cond-mat.mes-hall math.ST
'0704.1467,cond-mat.soft cond-mat.stat-mech,cond-mat.mtrl-sci,0.454395,False,cond-mat.mtrl-sci cond-mat.soft cond-mat.stat-mech cond-mat.str-el cond-mat.mes-hall
'0704.1468,quant-ph,quant-ph,0.591719,True,quant-ph hep-ph hep-th astro-ph cond-mat.mes-hall
'0704.1469,cond-mat.stat-mech cond-mat.str-el,cond-mat.str-el,0.567221,True,cond-mat.str-el quant-ph cond-mat.stat-mech cond-mat.mtrl-sci hep-th
'0704.1470,hep-th math-ph math.MP,math.DG,0.583124,False,math.DG hep-th math-ph math.MP math.CA
'0704.1471,quant-ph,quant-ph,0.741641,True,quant-ph hep-th math.MP math-ph cond-mat.str-el
'0704.1472,cond-mat.stat-mech cond-mat.str-el,cond-mat.str-el,0.593125,True,cond-mat.str-el cond-mat.stat-mech hep-th cond-mat.dis-nn quant-ph
'0704.1473,quant-ph,quant-ph,0.766293,True,quant-ph hep-th cond-mat.mes-hall cond-mat.str-el hep-ph
'0704.1474,cond-mat.soft,cond-mat.mtrl-sci,0.483136,False,cond-mat.mtrl-sci cond-mat.soft cond-mat.str-el astro-ph cond-mat.other
'0704.1475,math.PR,math.PR,0.425151,True,math.PR astro-ph math-ph math.MP cond-mat.stat-mech
'0704.1476,hep-th,gr-qc,0.619836,False,gr-qc hep-th astro-ph hep-ph math.MP
'0704.1477,cond-mat.soft cond-mat.stat-mech,cond-mat.str-el,0.419316,False,cond-mat.str-el cond-mat.stat-mech cond-mat.mtrl-sci cond-mat.supr-con astro-ph
'0704.1478,hep-ex,hep-ex,0.599052,True,hep-ex hep-ph astro-ph gr-qc cond-mat.mes-hall
'0704.1479,cond-mat.mes-hall,cond-mat.mes-hall,0.546775,True,cond-mat.mes-hall cond-mat.str-el cond-mat.mtrl-sci hep-ph cond-mat.stat-mech
'0704.1480,cond-mat.str-el,cond-mat.str-el,0.511970,True,cond-mat.str-el cond-mat.mtrl-sci astro-ph hep-ph cond-mat.other
'0704.1481,astro-ph,astro-ph,0.886512,True,astro-ph cond-mat.mtrl-sci quant-ph cond-mat.mes-hall hep-ph
'0704.1482,hep-ph,hep-ph,0.875670,True,hep-ph hep-ex hep-th astro-ph gr-qc
'0704.1483,astro-ph,astro-ph,0.921845,True,astro-ph hep-ph cond-mat.stat-mech cond-mat.mtrl-sci nucl-th
'0704.1484,quant-ph,cond-mat.stat-mech,0.301681,False,cond-mat.stat-mech quant-ph astro-ph cs.IT math.IT
'0704.1485,math-ph math.MP,hep-th,0.315653,False,hep-th astro-ph quant-ph cond-mat.mtrl-sci cond-mat.stat-mech
'0704.1486,cond-mat.str-el,cond-mat.str-el,0.818222,True,cond-mat.str-el cond-mat.supr-con cond-mat.mes-hall cond-mat.mtrl-sci hep-th
'0704.1487,math.CA math.CV,math.CV,0.403147,True,math.CV math.FA math.MP math-ph math.NT
'0704.1488,math-ph math.MP,hep-th,0.479527,False,hep-th math.MP math-ph gr-qc quant-ph
'0704.1489,math.CO math.PR,cond-mat.stat-mech,0.302877,False,cond-mat.stat-mech math.CO hep-th hep-ph astro-ph
'0704.1490,hep-lat,hep-ph,0.567051,False,hep-ph hep-lat hep-th nucl-th cond-mat.str-el
'0704.1491,cond-mat.mes-hall,cond-mat.mes-hall,0.462325,True,cond-mat.mes-hall quant-ph cond-mat.str-el astro-ph cond-mat.mtrl-sci
'0704.1492,math-ph math.MP,gr-qc,0.450816,False,gr-qc hep-th math.AP quant-ph astro-ph
'0704.1493,math.CO,math.CO,0.497000,True,math.CO astro-ph hep-th cond-mat.stat-mech math-ph
'0704.1494,cond-mat.mtrl-sci,cond-mat.mtrl-sci,0.530195,True,cond-mat.mtrl-sci cond-mat.str-el astro-ph quant-ph cond-mat.mes-hall
'0704.1495,math-ph math.DS math.MP,math.AP,0.312291,False,math.AP hep-ph math.PR hep-th nucl-ex
'0704.1496,astro-ph,astro-ph,0.601074,True,astro-ph hep-ph hep-th cond-mat.mtrl-sci gr-qc
'0704.1497,cond-mat.dis-nn cond-mat.soft cond-mat.stat-mech,cond-mat.stat-mech,0.343169,True,cond-mat.stat-mech cond-mat.mtrl-sci cond-mat.mes-hall astro-ph cond-mat.str-el
'0704.1498,astro-ph,astro-ph,0.655619,True,astro-ph hep-ph hep-th cond-mat.str-el gr-qc
'0704.1499,cond-mat.mtrl-sci,cond-mat.mtrl-sci,0.437959,True,cond-mat.mtrl-sci cond-mat.str-el astro-ph cond-mat.mes-hall cond-mat.supr-con
'0704.1500,hep-ex,hep-ph,0.542565,False,hep-ph hep-ex astro-ph nucl-ex cond-mat.other
'0704.1501,cond-mat.other,cond-mat.mtrl-sci,0.620736,False,cond-mat.mtrl-sci astro-ph cond-mat.supr-con cond-mat.soft cond-mat.mes-hall
'0704.1502,astro-ph,astro-ph,0.775022,True,astro-ph hep-ph cond-mat.mtrl-sci gr-qc nucl-th
'0704.1503,math.QA math.RT,math.MP,0.324098,False,math.MP math-ph hep-th quant-ph math.QA
'0704.1504,physics.flu-dyn physics.geo-ph,astro-ph,0.585994,False,astro-ph cond-mat.mtrl-sci cond-mat.stat-mech cond-mat.soft cond-mat.dis-nn
'0704.1505,hep-ph,hep-ph,0.783953,True,hep-ph hep-th cond-mat.str-el astro-ph nucl-th
'0704.1506,physics.optics quant-ph,quant-ph,0.743446,True,quant-ph astro-ph hep-ph cond-mat.other nucl-th
'0704.1507,astro-ph,astro-ph,0.846952,True,astro-ph cond-mat.mtrl-sci hep-ph nucl-th hep-th
'0704.1508,cond-mat.mtrl-sci,cond-mat.str-el,0.522178,False,cond-mat.str-el cond-mat.mes-hall cond-mat.mtrl-sci hep-ph cond-mat.supr-con
'0704.1509,astro-ph,astro-ph,0.498667,True,astro-ph cond-mat.mtrl-sci cond-mat.str-el cond-mat.stat-mech hep-th
'0704.1510,astro-ph gr-qc hep-ph nucl-th,astro-ph,0.759848,True,astro-ph gr-qc hep-ph nucl-th hep-th
'0704.1511,astro-ph,astro-ph,0.581026,True,astro-ph cond-mat.str-el cond-mat.mtrl-sci hep-th cond-mat.stat-mech
'0704.1512,hep-th,hep-th,0.724239,True,hep-th quant-ph gr-qc hep-ph cond-mat.str-el
'0704.1513,physics.optics,cond-mat.mtrl-sci,0.412845,False,cond-mat.mtrl-sci cond-mat.soft cond-mat.mes-hall astro-ph quant-ph
'0704.1514,cond-mat.stat-mech hep-ph hep-th,cond-mat.stat-mech,0.306789,True,cond-mat.stat-mech cond-mat.dis-nn hep-th nucl-th astro-ph
'0704.1515,astro-ph,astro-ph,0.436076,True,astro-ph cond-mat.mtrl-sci cond-mat.stat-mech cond-mat.mes-hall hep-ph
'0704.1516,astro-ph,astro-ph,0.772945,True,astro-ph hep-ph cond-mat.mtrl-sci nucl-th cond-mat.str-el
'0704.1517,physics.gen-ph,hep-ph,0.351858,False,hep-ph gr-qc hep-th astro-ph cond-mat.str-el
'0704.1518,astro-ph,astro-ph,0.871370,True,astro-ph hep-ph cond-mat.mtrl-sci gr-qc cond-mat.stat-mech
'0704.1519,astro-ph,astro-ph,0.603748,True,astro-ph cond-mat.stat-mech cond-mat.mtrl-sci gr-qc hep-ph
'0704.1520,cond-mat.soft cond-mat.stat-mech,astro-ph,0.349134,False,astro-ph gr-qc cond-mat.soft hep-ph cond-mat.stat-mech
'0704.1521,astro-ph,astro-ph,0.612272,True,astro-ph gr-qc hep-th cond-mat.stat-mech hep-ph
'0704.1522,astro-ph,astro-ph,0.640002,True,astro-ph gr-qc hep-th hep-ph cond-mat.mtrl-sci
'0704.1523,astro-ph,astro-ph,0.812148,True,astro-ph gr-qc cond-mat.stat-mech cond-mat.mtrl-sci quant-ph
'0704.1524,cs.IT math.IT,math.IT,0.444073,True,math.IT cs.IT cs.CC cond-mat.stat-mech hep-ph
'0704.1525,astro-ph,astro-ph,0.673849,True,astro-ph hep-ph cond-mat.str-el cond-mat.mtrl-sci gr-qc
'0704.1526,hep-th math.QA,math.MP,0.383276,False,math.MP math-ph hep-th math.AG math.CO
'0704.1527,hep-ph nucl-th,hep-ph,0.646488,True,hep-ph nucl-th hep-th cond-mat.stat-mech cond-mat.str-el
'0704.1528,cond-mat.supr-con,cond-mat.supr-con,0.567320,True,cond-mat.supr-con cond-mat.str-el cond-mat.mes-hall cond-mat.mtrl-sci hep-ph
'0704.1529,nucl-th,hep-ph,0.627041,False,hep-ph nucl-th hep-ex nucl-ex astro-ph
'0704.1530,nucl-ex nucl-th,hep-ph,0.460850,False,hep-ph nucl-th astro-ph hep-th nucl-ex
'0704.1531,hep-ph,hep-ph,0.432906,True,hep-ph hep-th gr-qc math.MP math-ph
'0704.1532,astro-ph,astro-ph,0.474603,True,astro-ph hep-ph nucl-ex cond-mat.mtrl-sci quant-ph
'0704.1533,math.OA,math.QA,0.482228,False,math.QA math.RT math.GR hep-th math.AG
'0704.1534,astro-ph,astro-ph,0.696372,True,astro-ph nucl-th cond-mat.mtrl-sci cond-mat.str-el cond-mat.stat-mech
'0704.1535,hep-th,hep-th,0.640133,True,hep-th gr-qc math.MP math-ph hep-ph
'0704.1536,cond-mat.supr-con,cond-mat.supr-con,0.667706,True,cond-mat.supr-con cond-mat.mes-hall cond-mat.mtrl-sci cond-mat.str-el cond-mat.soft
'0704.1537,math.CA,math.CA,0.439812,True,math.CA math.AP astro-ph math.MP math-ph
'0704.1538,cond-mat.dis-nn cond-mat.stat-mech physics.soc-ph,cond-mat.str-el,0.413871,False,cond-mat.str-el cond-mat.stat-mech cond-mat.dis-nn cond-mat.mtrl-sci quant-ph
'0704.1539,cond-mat.soft cond-mat.stat-mech,cond-mat.stat-mech,0.482625,True,cond-mat.stat-mech cond-mat.str-el cond-mat.mtrl-sci astro-ph cond-mat.soft
'0704.1540,hep-th math-ph math.MP,hep-th,0.431066,True,hep-th math.MP math-ph astro-ph quant-ph
'0704.1541,math.DG math.RA,hep-th,0.352627,False,hep-th math.AG math.AP math.MP math-ph
'0704.1542,nucl-th physics.chem-ph,cond-mat.str-el,0.581690,False,cond-mat.str-el nucl-th quant-ph cond-mat.other cond-mat.mes-hall
'0704.1543,math.DG,math.MP,0.412634,False,math.MP math-ph quant-ph hep-th gr-qc
'0704.1544,cond-mat.str-el cond-mat.supr-con,cond-mat.str-el,0.708045,True,cond-mat.str-el cond-mat.supr-con cond-mat.mtrl-sci hep-th cond-mat.mes-hall
'0704.1545,hep-th math-ph math.MP,hep-th,0.728029,True,hep-th gr-qc math.MP math-ph hep-ph
'0704.1546,q-bio.BM,cond-mat.mtrl-sci,0.343662,False,cond-mat.mtrl-sci cond-mat.stat-mech cond-mat.str-el cond-mat.mes-hall astro-ph
'0704.1547,cond-mat.soft physics.bio-ph q-bio.BM,cond-mat.mtrl-sci,0.454765,False,cond-mat.mtrl-sci astro-ph cond-mat.stat-mech cond-mat.mes-hall cond-mat.str-el
'0704.1548,math.AC math.CO,math.RT,0.482730,False,math.RT math.GR math.CO math.MP math-ph
'0704.1549,math.OA,hep-th,0.445116,False,hep-th math.RT math-ph math.MP math.OA
'0704.1550,physics.atm-clus physics.comp-ph,cond-mat.stat-mech,0.400124,False,cond-mat.stat-mech cond-mat.mtrl-sci astro-ph cond-mat.str-el cond-mat.other
'0704.1551,quant-ph,quant-ph,0.556676,True,quant-ph hep-th cond-mat.mes-hall gr-qc math.MP
'0704.1552,cond-mat.str-el,cond-mat.str-el,0.713465,True,cond-mat.str-el cond-mat.mtrl-sci cond-mat.stat-mech cond-mat.supr-con cond-mat.mes-hall
'0704.1553,math.FA math.OA math.RT,math.OA,0.522502,True,math.OA math.MP math-ph math.QA math.RT
'0704.1554,math.OA,quant-ph,0.266608,False,quant-ph math.CO astro-ph hep-th gr-qc
'0704.1555,cond-mat.stat-mech physics.soc-ph,cond-mat.stat-mech,0.335943,True,cond-mat.stat-mech astro-ph physics.gen-ph math.PR cond-mat.mtrl-sci
'0704.1556,math.RA,math.RT,0.482395,False,math.RT hep-th math.QA math.AG math.GR
'0704.1557,math.RA,math.RT,0.424364,False,math.RT math.GR math-ph math.MP math.AG
'0704.1558,astro-ph,astro-ph,0.561276,True,astro-ph hep-th cond-mat.mtrl-sci cond-mat.stat-mech gr-qc
'0704.1559,astro-ph,astro-ph,0.878820,True,astro-ph cond-mat.str-el cond-mat.mtrl-sci gr-qc cond-mat.mes-hall
'0704.1560,quant-ph,quant-ph,0.641254,True,quant-ph hep-th hep-ph astro-ph physics.optics
'0704.1561,math.AC math.AG,math.AG,0.372046,True,math.AG math.CO math.MP math-ph hep-th
'0704.1562,astro-ph,astro-ph,0.809845,True,astro-ph hep-ph cond-mat.stat-mech gr-qc hep-th
'0704.1563,math-ph math.MP math.NA physics.comp-ph,cond-mat.stat-mech,0.334048,False,cond-mat.stat-mech astro-ph gr-qc math.MP math-ph
'0704.1564,math-ph math.DS math.MP nlin.CD,hep-th,0.399179,False,hep-th quant-ph math.DG math.MP math-ph
'0704.1565,hep-ph,hep-ph,0.488928,True,hep-ph hep-ex nucl-th nucl-ex cond-mat.str-el
'0704.1566,astro-ph,astro-ph,0.534048,True,astro-ph cond-mat.mtrl-sci hep-th cond-mat.mes-hall physics.optics
'0704.1567,gr-qc,gr-qc,0.514981,True,gr-qc hep-th astro-ph hep-ph cond-mat.stat-mech
'0704.1568,hep-ph hep-th math-ph math.MP,hep-th,0.570561,True,hep-th cond-mat.str-el gr-qc math.MP math-ph
'0704.1569,math.GR,math.MP,0.286256,False,math.MP math-ph quant-ph math.GR math.CO
'0704.1570,astro-ph,astro-ph,0.776154,True,astro-ph gr-qc cond-mat.stat-mech hep-ph hep-th
'0704.1571,cs.DM q-bio.QM,math.CO,0.436129,False,math.CO math.MP math-ph astro-ph hep-th
'0704.1572,cond-mat.mtrl-sci,cond-mat.mtrl-sci,0.326572,True,cond-mat.mtrl-sci cond-mat.str-el cond-mat.stat-mech astro-ph cond-mat.other
'0704.1573,astro-ph,astro-ph,0.342700,True,astro-ph hep-th cond-mat.stat-mech gr-qc cond-mat.soft
'0704.1574,physics.class-ph,math.MP,0.365605,False,math.MP math-ph hep-th nucl-th quant-ph
'0704.1575,math.PR math.RT,hep-th,0.317200,False,hep-th quant-ph math.AG math.CA math.PR
'0704.1576,astro-ph,astro-ph,0.834575,True,astro-ph cond-mat.mtrl-sci nucl-th cond-mat.stat-mech hep-ph
'0704.1577,physics.optics,cond-mat.mtrl-sci,0.389329,False,cond-mat.mtrl-sci cond-mat.stat-mech hep-th hep-ph astro-ph
'0704.1578,astro-ph,astro-ph,0.758219,True,astro-ph hep-th hep-ph physics.gen-ph gr-qc
'0704.1579,astro-ph,astro-ph,0.900907,True,astro-ph cond-mat.stat-mech cond-mat.mtrl-sci physics.gen-ph cond-mat.dis-nn
'0704.1580,cond-mat.other physics.optics quant-ph,quant-ph,0.646637,True,quant-ph cond-mat.str-el cond-mat.mes-hall cond-mat.stat-mech cond-mat.mtrl-sci
'0704.1581,cond-mat.str-el,cond-mat.str-el,0.760106,True,cond-mat.str-el cond-mat.mtrl-sci cond-mat.soft cond-mat.supr-con cond-mat.stat-mech
'0704.1582,math.OA math.QA,quant-ph,0.539144,False,quant-ph math.GR math.RT hep-th math-ph
'0704.1583,astro-ph,astro-ph,0.355277,True,astro-ph hep-ph cond-mat.stat-mech cond-mat.mes-hall hep-th
'0704.1584,math.ST stat.ME stat.TH,astro-ph,0.310891,False,astro-ph cond-mat.stat-mech math.IT cs.IT math.PR
'0704.1585,quant-ph,quant-ph,0.533989,True,quant-ph math-ph math.MP hep-ph cond-mat.stat-mech
'0704.1586,nucl-th,nucl-ex,0.418994,False,nucl-ex nucl-th astro-ph hep-ph cond-mat.str-el
'0704.1587,astro-ph,astro-ph,0.838330,True,astro-ph gr-qc hep-th cond-mat.mtrl-sci cond-mat.str-el
'0704.1588,math.AG,math.AG,0.630607,True,math.AG math.RT math-ph math.MP math.GR
'0704.1589,physics.soc-ph,physics.soc-ph,0.478176,True,physics.soc-ph cond-mat.dis-nn math.IT cs.IT cond-mat.stat-mech
'0704.1590,astro-ph hep-ph,astro-ph,0.580530,True,astro-ph gr-qc hep-th hep-ph physics.gen-ph
'0704.1591,hep-ph,hep-ph,0.639043,True,hep-ph gr-qc astro-ph hep-th hep-ex
'0704.1592,astro-ph,astro-ph,0.681108,True,astro-ph cond-mat.mtrl-sci cond-mat.stat-mech hep-th gr-qc
'0704.1593,cond-mat.mtrl-sci,cond-mat.mtrl-sci,0.303834,True,cond-mat.mtrl-sci quant-ph nucl-th cond-mat.other cond-mat.str-el
'0704.1594,nucl-th,cond-mat.mes-hall,0.343766,False,cond-mat.mes-hall cond-mat.str-el math.MP math-ph hep-ph
'0704.1595,math.NA,cond-mat.stat-mech,0.358089,False,cond-mat.stat-mech math.MP math-ph quant-ph hep-ph
'0704.1596,math-ph math.MP,math.AP,0.360679,False,math.AP cond-mat.stat-mech gr-qc math.MP math-ph
'0704.1597,cond-mat.mes-hall cond-mat.str-el,cond-mat.str-el,0.598963,True,cond-mat.str-el cond-mat.stat-mech cond-mat.mtrl-sci cond-mat.dis-nn quant-ph
'0704.1598,astro-ph,astro-ph,0.541530,True,astro-ph nucl-th gr-qc nucl-ex cond-mat.mtrl-sci
'0704.1599,math.DS,math.AG,0.297155,False,math.AG math.GT hep-th math.CO cond-mat.stat-mech
'0704.1600,astro-ph,astro-ph,0.920143,True,astro-ph gr-qc hep-ph physics.gen-ph nucl-th
'0704.1601,nlin.PS,hep-th,0.462641,False,hep-th quant-ph hep-ph cond-mat.stat-mech cond-mat.other
'0704.1602,physics.ed-ph physics.soc-ph,astro-ph,0.375938,False,astro-ph hep-th hep-ph math.MP math-ph
'0704.1603,astro-ph,astro-ph,0.568177,True,astro-ph hep-th hep-ph physics.optics cond-mat.mtrl-sci
'0704.1604,hep-ph hep-th,hep-ph,0.445109,True,hep-ph hep-th quant-ph astro-ph cond-mat.stat-mech
'0704.1605,quant-ph,quant-ph,0.611552,True,quant-ph cond-mat.mes-hall hep-th nucl-th cond-mat.str-el
'0704.1606,astro-ph,astro-ph,0.732161,True,astro-ph cond-mat.mes-hall cond-mat.mtrl-sci hep-ph hep-th
'0704.1607,math-ph math.MP,cond-mat.str-el,0.392926,False,cond-mat.str-el cond-mat.mes-hall hep-ph gr-qc hep-th
'0704.1608,hep-ph,hep-ph,0.444536,True,hep-ph astro-ph hep-ex hep-th math.MP
'0704.1609,astro-ph,astro-ph,0.882631,True,astro-ph hep-ph cond-mat.mtrl-sci gr-qc cond-mat.str-el
'0704.1610,physics.plasm-ph physics.space-ph,astro-ph,0.418341,False,astro-ph hep-ph cond-mat.mes-hall cond-mat.stat-mech nucl-th
'0704.1611,nlin.CD,math.PR,0.417307,False,math.PR hep-th cond-mat.stat-mech gr-qc math-ph
'0704.1612,astro-ph,astro-ph,0.416126,True,astro-ph cond-mat.str-el hep-th hep-ph nucl-th
'0704.1613,hep-th math-ph math.MP quant-ph,quant-ph,0.443042,True,quant-ph hep-th math.MP math-ph cond-mat.str-el
'0704.1614,astro-ph,astro-ph,0.648458,True,astro-ph hep-ph cond-mat.mtrl-sci hep-th gr-qc
'0704.1615,nucl-th,hep-ph,0.663519,False,hep-ph nucl-ex nucl-th hep-ex astro-ph
'0704.1616,hep-ph,hep-th,0.458668,False,hep-th hep-ph nucl-th quant-ph astro-ph
'0704.1617,astro-ph,astro-ph,0.814032,True,astro-ph cond-mat.mtrl-sci hep-ph cond-mat.mes-hall cond-mat.soft
'0704.1618,cond-mat.str-el cond-mat.supr-con,cond-mat.str-el,0.765527,True,cond-mat.str-el cond-mat.stat-mech cond-mat.dis-nn cond-mat.mes-hall cond-mat.supr-con
'0704.1619,astro-ph,astro-ph,0.718575,True,astro-ph gr-qc hep-ph hep-th cond-mat.mes-hall
'0704.1620,cond-mat.soft,cond-mat.stat-mech,0.340003,False,cond-mat.stat-mech cond-mat.mtrl-sci cond-mat.dis-nn nucl-th hep-ph
'0704.1621,astro-ph,astro-ph,0.338151,True,astro-ph gr-qc cond-mat.stat-mech cond-mat.mes-hall cond-mat.mtrl-sci
'0704.1622,physics.comp-ph physics.ed-ph,quant-ph,0.477253,False,quant-ph math-ph math.MP cond-mat.mes-hall hep-th
'0704.1623,cond-mat.mes-hall,cond-mat.mtrl-sci,0.483791,False,cond-mat.mtrl-sci cond-mat.mes-hall quant-ph cond-mat.other hep-th
'0704.1624,math.AT math.CT,hep-th,0.288124,False,hep-th math.CO math-ph math.MP math.GT
'0704.1625,math.PR,cond-mat.stat-mech,0.326653,False,cond-mat.stat-mech math.PR hep-ph math.CO math-ph
'0704.1626,cond-mat.dis-nn,cond-mat.str-el,0.556503,False,cond-mat.str-el cond-mat.stat-mech cond-mat.dis-nn cond-mat.mtrl-sci cond-mat.mes-hall
'0704.1627,physics.geo-ph physics.space-ph,hep-th,0.372873,False,hep-th gr-qc cond-mat.stat-mech astro-ph cond-mat.mtrl-sci
'0704.1628,cond-mat.mes-hall,cond-mat.mes-hall,0.776556,True,cond-mat.mes-hall cond-mat.str-el quant-ph cond-mat.other cond-mat.mtrl-sci
'0704.1629,cond-mat.mtrl-sci,cond-mat.mes-hall,0.421223,False,cond-mat.mes-hall astro-ph cond-mat.str-el cond-mat.mtrl-sci cond-mat.other
'0704.1630,astro-ph,astro-ph,0.667640,True,astro-ph cond-mat.mes-hall cond-mat.mtrl-sci nucl-th gr-qc
'0704.1631,astro-ph,astro-ph,0.797366,True,astro-ph hep-ph cond-mat.str-el physics.gen-ph hep-th
'0704.1632,math-ph math.AP math.MP,cond-mat.stat-mech,0.373546,False,cond-mat.stat-mech cond-mat.str-el hep-th hep-ph nucl-th
'0704.1633,math.LO,hep-th,0.329151,False,hep-th math.CO math.PR astro-ph hep-ph
'0704.1634,math-ph math.MP,math.MP,0.388194,True,math.MP math-ph math.RT math.DG math.GR
'0704.1635,math.FA math.GR,math.GR,0.417982,True,math.GR math.RT math.DG math.MP math-ph
'0704.1636,astro-ph,astro-ph,0.635350,True,astro-ph cond-mat.mtrl-sci hep-ph cond-mat.soft cond-mat.str-el
'0704.1637,gr-qc hep-th,hep-th,0.504645,True,hep-th gr-qc astro-ph math.MP math-ph
'0704.1638,astro-ph gr-qc hep-ph,gr-qc,0.695894,True,gr-qc hep-th astro-ph hep-ph physics.gen-ph
'0704.1639,hep-ph,hep-ph,0.460522,True,hep-ph astro-ph hep-th cond-mat.mtrl-sci gr-qc
'0704.1640,math.CV math.DG,math.CV,0.504307,True,math.CV math.DG math.MP math-ph math.AG
'0704.1641,astro-ph,astro-ph,0.939164,True,astro-ph gr-qc hep-ph cond-mat.mtrl-sci cond-mat.mes-hall
'0704.1642,cond-mat.str-el,cond-mat.str-el,0.824746,True,cond-mat.str-el cond-mat.mtrl-sci cond-mat.supr-con cond-mat.stat-mech cond-mat.mes-hall
'0704.1643,math.PR,math.CA,0.554004,False,math.CA math.PR math.AP math.AG math.FA
'0704.1644,cond-mat.other physics.atom-ph quant-ph,cond-mat.str-el,0.554695,False,cond-mat.str-el cond-mat.mes-hall cond-mat.supr-con cond-mat.other quant-ph
'0704.1645,hep-th quant-ph,hep-th,0.504876,True,hep-th hep-ph gr-qc quant-ph cond-mat.str-el
'0704.1646,physics.ins-det,hep-ex,0.404559,False,hep-ex quant-ph hep-ph astro-ph nucl-ex
'0704.1647,hep-ph,nucl-th,0.398531,False,nucl-th hep-ph hep-th cond-mat.stat-mech astro-ph
'0704.1648,astro-ph,astro-ph,0.778751,True,astro-ph cond-mat.mtrl-sci cond-mat.mes-hall cond-mat.str-el quant-ph
'0704.1649,hep-lat,math.MP,0.473803,False,math.MP math-ph hep-th math.AP quant-ph
'0704.1650,nlin.AO nlin.CD,cond-mat.stat-mech,0.414900,False,cond-mat.stat-mech hep-th cond-mat.str-el cond-mat.mes-hall cond-mat.mtrl-sci
'0704.1651,astro-ph hep-th,hep-th,0.550423,True,hep-th gr-qc cond-mat.stat-mech hep-ph quant-ph
'0704.1652,astro-ph,astro-ph,0.774221,True,astro-ph gr-qc cond-mat.mes-hall cond-mat.mtrl-sci hep-ph
'0704.1653,astro-ph hep-th,hep-th,0.710151,True,hep-th gr-qc math.AP math.MP math-ph
'0704.1654,astro-ph,astro-ph,0.664193,True,astro-ph gr-qc hep-ph hep-th physics.gen-ph
'0704.1655,physics.gen-ph,hep-th,0.478506,False,hep-th gr-qc hep-ph astro-ph nucl-th
'0704.1656,cond-mat.str-el,cond-mat.str-el,0.832945,True,cond-mat.str-el cond-mat.mes-hall cond-mat.mtrl-sci cond-mat.soft cond-mat.supr-con
'0704.1657,hep-th,hep-th,0.645817,True,hep-th math.MP math-ph gr-qc math.AG
'0704.1658,astro-ph hep-ph,astro-ph,0.798956,True,astro-ph hep-ph hep-th gr-qc nucl-ex
'0704.1659,astro-ph,astro-ph,0.695764,True,astro-ph hep-ph cond-mat.mtrl-sci gr-qc hep-th
'0704.1660,astro-ph,astro-ph,0.840986,True,astro-ph gr-qc physics.gen-ph hep-ph nucl-th
'0704.1661,physics.gen-ph,gr-qc,0.670989,False,gr-qc astro-ph hep-th hep-ph nucl-th
'0704.1662,hep-ph,hep-ph,0.766800,True,hep-ph hep-ex hep-th gr-qc quant-ph
'0704.1663,cond-mat.soft cond-mat.stat-mech,cond-mat.stat-mech,0.561977,True,cond-mat.stat-mech cond-mat.mtrl-sci hep-th cond-mat.str-el astro-ph
'0704.1664,astro-ph,astro-ph,0.848995,True,astro-ph cond-mat.mtrl-sci cond-mat.stat-mech nucl-th hep-ph
'0704.1665,physics.gen-ph,hep-th,0.370846,False,hep-th astro-ph hep-ph physics.gen-ph gr-qc
'0704.1666,astro-ph,astro-ph,0.690917,True,astro-ph hep-ph hep-th gr-qc nucl-th
'0704.1667,cond-mat.stat-mech q-bio.MN,cond-mat.stat-mech,0.342352,True,cond-mat.stat-mech physics.soc-ph astro-ph cond-mat.dis-nn cond-mat.mtrl-sci
'0704.1668,astro-ph,astro-ph,0.859849,True,astro-ph cond-mat.mtrl-sci cond-mat.stat-mech hep-th gr-qc
'0704.1669,astro-ph gr-qc hep-ph,hep-th,0.576120,False,hep-th gr-qc math.RT quant-ph math.QA
'0704.1670,math.GT math.SG,math.MP,0.267246,False,math.MP math-ph math.AG physics.chem-ph quant-ph
'0704.1671,astro-ph,astro-ph,0.928858,True,astro-ph cond-mat.mtrl-sci gr-qc cond-mat.mes-hall nucl-th
'0704.1672,physics.bio-ph physics.comp-ph,astro-ph,0.266711,False,astro-ph cond-mat.stat-mech gr-qc hep-ph quant-ph
'0704.1673,math.DG,hep-th,0.491919,False,hep-th math.MP math-ph math.DG gr-qc
'0704.1674,hep-ph,nucl-ex,0.343375,False,nucl-ex astro-ph cond-mat.stat-mech cond-mat.mtrl-sci math.AP
'0704.1675,cs.AI cs.CY cs.DL,astro-ph,0.350701,False,astro-ph cond-mat.stat-mech hep-ph quant-ph cond-mat.mtrl-sci
'0704.1676,cs.AI cs.CY cs.DL cs.HC cs.IR,astro-ph,0.300027,False,astro-ph cond-mat.stat-mech hep-ph cond-mat.mes-hall physics.soc-ph
'0704.1677,hep-ph,hep-ph,0.599589,True,hep-ph nucl-th astro-ph nucl-ex cond-mat.stat-mech
'0704.1678,cs.CC cs.GT,cs.CC,0.520306,True,cs.CC math.CO math-ph math.MP hep-th
'0704.1679,astro-ph,gr-qc,0.441830,False,gr-qc astro-ph hep-th quant-ph cond-mat.stat-mech
'0704.1680,cond-mat.mes-hall cond-mat.mtrl-sci,cond-mat.mtrl-sci,0.586002,True,cond-mat.mtrl-sci cond-mat.mes-hall cond-mat.stat-mech astro-ph cond-mat.supr-con
'0704.1681,astro-ph,astro-ph,0.795744,True,astro-ph cond-mat.mtrl-sci gr-qc hep-th cond-mat.other
'0704.1682,cond-mat.mes-hall cond-mat.mtrl-sci,cond-mat.mtrl-sci,0.563803,True,cond-mat.mtrl-sci cond-mat.mes-hall cond-mat.supr-con astro-ph quant-ph
'0704.1683,math.FA math.SP,math.MP,0.542511,False,math.MP math-ph math.DG math.AP astro-ph
'0704.1684,astro-ph,astro-ph,0.704387,True,astro-ph cond-mat.mtrl-sci cond-mat.mes-hall cond-mat.stat-mech quant-ph
'0704.1685,gr-qc,gr-qc,0.447554,True,gr-qc hep-th astro-ph hep-ph cond-mat.other
'0704.1686,quant-ph,quant-ph,0.579930,True,quant-ph astro-ph cond-mat.mtrl-sci hep-ph cond-mat.mes-hall
'0704.1687,physics.chem-ph physics.optics,astro-ph,0.300325,False,astro-ph cond-mat.str-el hep-th cond-mat.stat-mech quant-ph
'0704.1688,cond-mat.mtrl-sci cond-mat.str-el,cond-mat.str-el,0.526488,True,cond-mat.str-el cond-mat.mtrl-sci cond-mat.dis-nn cond-mat.supr-con cond-mat.stat-mech
'0704.1689,math.AG math.CV,math.CO,0.277632,False,math.CO math.DG hep-th math.MP math-ph
'0704.1690,math.AG math.CV,math.AG,0.299527,True,math.AG math.CO math.MP math-ph quant-ph
'0704.1691,math.AG math.CV,math.AP,0.377006,False,math.AP math.MP math-ph math.CA hep-th
'0704.1692,physics.soc-ph,physics.soc-ph,0.560297,True,physics.soc-ph cond-mat.stat-mech cond-mat.soft cond-mat.dis-nn cond-mat.mtrl-sci
'0704.1693,nucl-th,nucl-th,0.396011,True,nucl-th nucl-ex hep-th astro-ph math.CO
'0704.1694,cs.CC math.NT,math.IT,0.468544,False,math.IT cs.IT math.CO cond-mat.stat-mech math-ph
'0704.1695,astro-ph hep-ph,hep-ph,0.648808,True,hep-ph hep-th astro-ph hep-ex cond-mat.mes-hall
'0704.1696,math.ST stat.TH,cond-mat.stat-mech,0.281675,False,cond-mat.stat-mech astro-ph cond-mat.mtrl-sci physics.optics physics.comp-ph
'0704.1697,cond-mat.mes-hall,quant-ph,0.567130,False,quant-ph cond-mat.mes-hall cond-mat.mtrl-sci cond-mat.str-el cond-mat.other
'0704.1698,cond-mat.str-el cond-mat.supr-con,cond-mat.str-el,0.823192,True,cond-mat.str-el cond-mat.supr-con cond-mat.mtrl-sci cond-mat.mes-hall cond-mat.soft
'0704.1699,hep-ph nucl-ex nucl-th,hep-ph,0.500621,True,hep-ph nucl-th nucl-ex astro-ph hep-th
'0704.1700,math.AC math.RA,math.RT,0.507228,False,math.RT math.AG hep-th math.CO math.GR
'0704.1701,math.AC math.RA,hep-th,0.393164,False,hep-th math.AG math.RT math.CO hep-ph
'0704.1702,math.AG,math.CV,0.456428,False,math.CV math.AG math.PR gr-qc math-ph
'0704.1703,astro-ph,astro-ph,0.887608,True,astro-ph hep-ph gr-qc hep-th nucl-th
'0704.1704,cond-mat.mes-hall,cond-mat.mes-hall,0.577458,True,cond-mat.mes-hall cond-mat.str-el astro-ph cond-mat.dis-nn cond-mat.stat-mech
'0704.1705,cond-mat.dis-nn cond-mat.stat-mech,cond-mat.stat-mech,0.373092,True,cond-mat.stat-mech hep-ph cond-mat.str-el hep-th cond-mat.dis-nn
'0704.1706,astro-ph,cond-mat.stat-mech,0.342190,False,cond-mat.stat-mech astro-ph gr-qc hep-ph hep-th
'0704.1707,cs.LO,cond-mat.stat-mech,0.266005,False,cond-mat.stat-mech hep-th quant-ph astro-ph math.MP
'0704.1708,cond-mat.stat-mech,cond-mat.stat-mech,0.723919,True,cond-mat.stat-mech cond-mat.mtrl-sci math.MP math-ph hep-th
'0704.1709,cs.NE stat.AP,astro-ph,0.383580,False,astro-ph hep-ph hep-th math.MP math-ph
'0704.1710,hep-ph,hep-ph,0.542896,True,hep-ph astro-ph nucl-th cond-mat.str-el hep-th
'0704.1711,stat.AP,hep-th,0.335788,False,hep-th cond-mat.stat-mech cond-mat.other astro-ph cond-mat.soft
'0704.1712,quant-ph,quant-ph,0.735285,True,quant-ph hep-th cond-mat.stat-mech cond-mat.mes-hall cond-mat.str-el
'0704.1713,astro-ph,astro-ph,0.798248,True,astro-ph gr-qc hep-ph hep-th cond-mat.mtrl-sci
'0704.1714,nlin.PS,cond-mat.mtrl-sci,0.487926,False,cond-mat.mtrl-sci cond-mat.str-el cond-mat.supr-con cond-mat.mes-hall quant-ph
'0704.1715,astro-ph,astro-ph,0.570424,True,astro-ph nucl-th hep-ph nucl-ex hep-th
'0704.1716,math.DS,hep-th,0.355736,False,hep-th math.MP math-ph math.NT math.CO
'0704.1717,math.AT math.RT,math.RT,0.669646,True,math.RT math.AG math.QA math.KT math.GR
'0704.1718,cond-mat.stat-mech,cond-mat.stat-mech,0.455081,True,cond-mat.stat-mech hep-th cond-mat.dis-nn quant-ph hep-ph
'0704.1719,hep-ph,hep-ph,0.665411,True,hep-ph hep-ex astro-ph hep-th cond-mat.supr-con
'0704.1720,hep-lat hep-ph,hep-ph,0.529296,True,hep-ph hep-th cond-mat.stat-mech cond-mat.mes-hall cond-mat.str-el
'0704.1721,hep-ph,hep-ph,0.652136,True,hep-ph hep-th nucl-th cond-mat.stat-mech gr-qc
'0704.1722,cond-mat.str-el,cond-mat.str-el,0.809965,True,cond-mat.str-el cond-mat.stat-mech cond-mat.mes-hall cond-mat.mtrl-sci quant-ph
'0704.1723,astro-ph,astro-ph,0.454125,True,astro-ph cond-mat.str-el quant-ph hep-th hep-ph
'0704.1724,hep-ph,astro-ph,0.456399,False,astro-ph hep-ph nucl-th quant-ph hep-th
'0704.1725,gr-qc hep-th,hep-th,0.588711,True,hep-th cond-mat.str-el hep-ph astro-ph cond-mat.mes-hall
'0704.1726,physics.gen-ph,quant-ph,0.536009,False,quant-ph hep-th math.MP math-ph hep-ph
'0704.1727,hep-th,hep-th,0.783454,True,hep-th gr-qc hep-ph astro-ph math.MP
'0704.1728,gr-qc,gr-qc,0.430682,True,gr-qc hep-th hep-ph astro-ph math.DG
'0704.1729,astro-ph,astro-ph,0.873891,True,astro-ph cond-mat.mtrl-sci physics.optics cond-mat.stat-mech cond-mat.mes-hall
'0704.1730,math.CO,hep-th,0.323860,False,hep-th math.CO math.GR math.MP math-ph
'0704.1731,astro-ph,astro-ph,0.387272,True,astro-ph cond-mat.stat-mech gr-qc hep-th hep-ph
'0704.1732,astro-ph,astro-ph,0.399060,True,astro-ph nucl-th hep-ph gr-qc cond-mat.mes-hall
'0704.1733,astro-ph gr-qc hep-th,hep-th,0.683198,True,hep-th gr-qc hep-ph astro-ph physics.gen-ph
'0704.1734,astro-ph gr-qc hep-th,gr-qc,0.720383,True,gr-qc astro-ph hep-th hep-ph cond-mat.stat-mech
'0704.1735,cond-mat.other,cond-mat.other,0.495739,True,cond-mat.other hep-th cond-mat.str-el cond-mat.mes-hall quant-ph
'0704.1736,quant-ph,quant-ph,0.547507,True,quant-ph hep-th cond-mat.mes-hall cond-mat.supr-con cond-mat.stat-mech
'0704.1737,quant-ph,quant-ph,0.780603,True,quant-ph cond-mat.mes-hall math.IT cs.IT cond-mat.str-el
'0704.1738,physics.soc-ph q-fin.ST,hep-ph,0.338850,False,hep-ph astro-ph cond-mat.stat-mech gr-qc hep-th
'0704.1739,math.AG,math.CV,0.330787,False,math.CV math.AG hep-th math.PR math.RT
'0704.1740,hep-ph,hep-ph,0.491923,True,hep-ph hep-th nucl-th cond-mat.stat-mech cond-mat.mes-hall
'0704.1741,astro-ph,astro-ph,0.759244,True,astro-ph cond-mat.mes-hall cond-mat.supr-con gr-qc cond-mat.str-el
'0704.1742,nlin.PS physics.optics,math.MP,0.371816,False,math.MP math-ph hep-th quant-ph physics.optics
'0704.1743,astro-ph,astro-ph,0.742823,True,astro-ph gr-qc cond-mat.stat-mech hep-th cond-mat.mes-hall
'0704.1744,astro-ph,astro-ph,0.881682,True,astro-ph quant-ph cond-mat.mtrl-sci hep-th cond-mat.mes-hall
'0704.1745,hep-ph hep-th,hep-ph,0.679590,True,hep-ph hep-th nucl-th gr-qc astro-ph
'0704.1746,gr-qc hep-th,gr-qc,0.648373,True,gr-qc hep-th astro-ph quant-ph cond-mat.mes-hall
'0704.1747,math.AG math.NT,math.AP,0.396018,False,math.AP math.MP math-ph math.AG math.CO
'0704.1748,cs.DS nlin.AO physics.comp-ph,physics.soc-ph,0.290171,False,physics.soc-ph cond-mat.soft cond-mat.stat-mech astro-ph hep-th
'0704.1749,astro-ph,astro-ph,0.448254,True,astro-ph quant-ph hep-ph hep-th cond-mat.stat-mech
'0704.1750,astro-ph,astro-ph,0.684392,True,astro-ph math.GR hep-ph cond-mat.stat-mech math.RT
'0704.1751,cs.IT math.IT,stat.TH,0.550812,False,stat.TH math.ST math.PR quant-ph cond-mat.stat-mech
'0704.1752,cond-mat.mtrl-sci quant-ph,cond-mat.mtrl-sci,0.637500,True,cond-mat.mtrl-sci cond-mat.mes-hall cond-mat.soft cond-mat.other quant-ph
'0704.1753,hep-ph,nucl-th,0.389012,False,nucl-th hep-th quant-ph hep-ph cond-mat.stat-mech
'0704.1754,quant-ph,quant-ph,0.434519,True,quant-ph math-ph math.MP cond-mat.stat-mech hep-th
'0704.1755,math.OA,quant-ph,0.402351,False,quant-ph hep-th math.AG math.MP math-ph
'0704.1756,cs.SC gr-qc hep-th,gr-qc,0.359186,True,gr-qc hep-th quant-ph cond-mat.stat-mech astro-ph
'0704.1757,gr-qc,gr-qc,0.793413,True,gr-qc hep-th hep-ph astro-ph nucl-th
'0704.1758,physics.plasm-ph,cond-mat.mtrl-sci,0.307646,False,cond-mat.mtrl-sci cond-mat.str-el hep-th astro-ph cond-mat.stat-mech
'0704.1759,hep-th math.QA math.RT,math.MP,0.401613,False,math.MP math-ph math.QA math.RT hep-th
'0704.1760,astro-ph,astro-ph,0.830479,True,astro-ph cond-mat.stat-mech cond-mat.str-el gr-qc hep-ph
'0704.1761,hep-th,hep-th,0.397396,True,hep-th math.AG math-ph math.MP gr-qc
'0704.1762,astro-ph,astro-ph,0.797082,True,astro-ph cond-mat.mtrl-sci hep-ph gr-qc cond-mat.mes-hall
'0704.1763,physics.bio-ph,astro-ph,0.306137,False,astro-ph physics.gen-ph hep-ph cond-mat.mtrl-sci cond-mat.stat-mech
'0704.1764,math.GM,quant-ph,0.349993,False,quant-ph hep-ph hep-th cond-mat.str-el astro-ph
'0704.1765,astro-ph,astro-ph,0.832769,True,astro-ph hep-ph cond-mat.mtrl-sci hep-th cond-mat.str-el
'0704.1766,astro-ph,astro-ph,0.572409,True,astro-ph hep-th hep-ph gr-qc cond-mat.mtrl-sci
'0704.1767,astro-ph,astro-ph,0.852721,True,astro-ph gr-qc hep-ph hep-th cond-mat.str-el
'0704.1768,cs.CE cs.GT,cond-mat.stat-mech,0.316813,False,cond-mat.stat-mech astro-ph math.PR hep-th hep-ph
'0704.1769,cond-mat.soft cond-mat.stat-mech,cond-mat.mes-hall,0.319404,False,cond-mat.mes-hall math.MP math-ph gr-qc astro-ph
'0704.1770,astro-ph,astro-ph,0.901133,True,astro-ph gr-qc hep-ph hep-th physics.gen-ph
'0704.1771,cond-mat.other math-ph math.MP nlin.CD physics.class-ph,math.MP,0.453307,True,math.MP math-ph math.PR cond-mat.stat-mech hep-th
'0704.1772,astro-ph,astro-ph,0.725777,True,astro-ph cond-mat.mtrl-sci cond-mat.mes-hall cond-mat.stat-mech gr-qc
'0704.1773,astro-ph,astro-ph,0.785640,True,astro-ph gr-qc cond-mat.stat-mech hep-th physics.gen-ph
'0704.1774,nucl-th,cond-mat.stat-mech,0.425105,False,cond-mat.stat-mech cond-mat.str-el nucl-th cond-mat.mtrl-sci astro-ph
'0704.1775,cond-mat.mes-hall cond-mat.other,cond-mat.mtrl-sci,0.545964,False,cond-mat.mtrl-sci cond-mat.mes-hall astro-ph cond-mat.str-el cond-mat.other
'0704.1776,nucl-ex,nucl-ex,0.642172,True,nucl-ex hep-ph hep-ex nucl-th astro-ph
'0704.1777,hep-ph,hep-ph,0.632305,True,hep-ph hep-ex nucl-ex cond-mat.str-el nucl-th
'0704.1778,math.PR,math.PR,0.308119,True,math.PR cond-mat.mes-hall quant-ph hep-th astro-ph
'0704.1779,math-ph math.MP nlin.SI,math.AP,0.323551,False,math.AP hep-th quant-ph cond-mat.stat-mech math.PR
'0704.1780,astro-ph,astro-ph,0.860186,True,astro-ph hep-ph cond-mat.mtrl-sci cond-mat.str-el cond-mat.mes-hall
'0704.1781,nucl-ex nucl-th,hep-ph,0.348790,False,hep-ph cond-mat.str-el astro-ph nucl-ex nucl-th
'0704.1782,math.CO math.NA,math.CO,0.517000,True,math.CO math.AP math.MP math-ph hep-th
'0704.1783,cs.AI cs.LO cs.NI,math.IT,0.343599,False,math.IT cs.IT physics.soc-ph astro-ph hep-th
'0704.1784,hep-th,hep-th,0.557001,True,hep-th math.MP math-ph hep-ph gr-qc
'0704.1785,nucl-th,nucl-ex,0.708806,False,nucl-ex nucl-th hep-ph astro-ph hep-ex
'0704.1786,physics.gen-ph,hep-th,0.451160,False,hep-th hep-ph gr-qc physics.gen-ph astro-ph
'0704.1787,cond-mat.dis-nn cond-mat.other,quant-ph,0.501534,False,quant-ph hep-th astro-ph gr-qc math.MP
'0704.1788,hep-ph,hep-ph,0.750621,True,hep-ph hep-th hep-ex gr-qc astro-ph
'0704.1789,math.NT math.PR,astro-ph,0.253657,False,astro-ph hep-th quant-ph math.PR gr-qc
'0704.1790,nlin.AO,astro-ph,0.376920,False,astro-ph cond-mat.mtrl-sci gr-qc cond-mat.stat-mech hep-th
'0704.1791,hep-ph,hep-ph,0.733987,True,hep-ph nucl-th hep-th quant-ph cond-mat.str-el
'0704.1792,cond-mat.other,quant-ph,0.774698,False,quant-ph hep-th cond-mat.mes-hall cond-mat.mtrl-sci cond-mat.str-el
'0704.1793,cond-mat.mes-hall cond-mat.mtrl-sci,cond-mat.mes-hall,0.581592,True,cond-mat.mes-hall cond-mat.mtrl-sci astro-ph hep-ph cond-mat.str-el
'0704.1794,cond-mat.mes-hall cond-mat.mtrl-sci,cond-mat.mes-hall,0.640709,True,cond-mat.mes-hall cond-mat.mtrl-sci astro-ph cond-mat.supr-con quant-ph
'0704.1795,math.QA,math.CO,0.288538,False,math.CO hep-th quant-ph cond-mat.str-el hep-ph
'0704.1796,math.PR,math.MP,0.399597,False,math.MP math-ph hep-th math.PR hep-ph
'0704.1797,physics.class-ph,cond-mat.mtrl-sci,0.383081,False,cond-mat.mtrl-sci cond-mat.mes-hall astro-ph cond-mat.stat-mech cond-mat.soft
'0704.1798,physics.class-ph,cond-mat.mtrl-sci,0.387866,False,cond-mat.mtrl-sci astro-ph cond-mat.stat-mech cond-mat.soft cond-mat.mes-hall
'0704.1799,physics.class-ph,cond-mat.mtrl-sci,0.557480,False,cond-mat.mtrl-sci astro-ph cond-mat.mes-hall hep-ph cond-mat.soft
'0704.1800,astro-ph hep-ex hep-ph,hep-ph,0.633888,True,hep-ph astro-ph hep-ex nucl-ex gr-qc
'0704.1801,hep-lat hep-ph,cond-mat.str-el,0.326849,False,cond-mat.str-el hep-ph cond-mat.stat-mech hep-th astro-ph
'0704.1802,astro-ph gr-qc,gr-qc,0.648654,True,gr-qc hep-th astro-ph hep-ph quant-ph
'0704.1803,math.FA math.OA,math.OA,0.338956,True,math.OA astro-ph math-ph math.MP cond-mat.mtrl-sci
'0704.1804,cond-mat.other,cond-mat.mes-hall,0.436061,False,cond-mat.mes-hall cond-mat.str-el cond-mat.mtrl-sci nucl-th cond-mat.supr-con
'0704.1805,hep-th,hep-th,0.595727,True,hep-th gr-qc math.MP math-ph math.QA
'0704.1806,cond-mat.soft cond-mat.stat-mech,cond-mat.str-el,0.577054,False,cond-mat.str-el cond-mat.stat-mech cond-mat.dis-nn cond-mat.mtrl-sci hep-th
'0704.1807,math.DG,math.MP,0.476341,False,math.MP math-ph math.DG math.CO math.AG
'0704.1808,gr-qc,astro-ph,0.654107,False,astro-ph gr-qc cond-mat.stat-mech hep-ph quant-ph
'0704.1809,quant-ph,math.MP,0.292853,False,math.MP math-ph quant-ph astro-ph hep-th
'0704.1810,astro-ph,cond-mat.stat-mech,0.424261,False,cond-mat.stat-mech astro-ph cond-mat.mtrl-sci hep-ph math.PR
'0704.1811,q-bio.PE q-bio.QM,physics.soc-ph,0.544371,False,physics.soc-ph cond-mat.stat-mech cond-mat.dis-nn cond-mat.soft cond-mat.mtrl-sci
'0704.1812,astro-ph,astro-ph,0.866115,True,astro-ph gr-qc cond-mat.mtrl-sci cond-mat.str-el cond-mat.stat-mech
'0704.1813,astro-ph,astro-ph,0.886214,True,astro-ph hep-ph gr-qc nucl-th hep-th
'0704.1814,hep-th,gr-qc,0.682421,False,gr-qc hep-th astro-ph quant-ph hep-ph
'0704.1815,cond-mat.str-el,cond-mat.str-el,0.652012,True,cond-mat.str-el cond-mat.supr-con cond-mat.mtrl-sci cond-mat.mes-hall hep-ph
'0704.1816,astro-ph,astro-ph,0.799220,True,astro-ph cond-mat.mtrl-sci cond-mat.stat-mech hep-ph quant-ph
'0704.1817,astro-ph,astro-ph,0.765666,True,astro-ph hep-ph gr-qc hep-th physics.gen-ph
'0704.1818,cs.IT math.IT,math.IT,0.787849,True,math.IT cs.IT astro-ph hep-ph quant-ph
'0704.1819,hep-th,hep-th,0.565042,True,hep-th gr-qc astro-ph hep-ph quant-ph
'0704.1820,cond-mat.supr-con,cond-mat.supr-con,0.341255,True,cond-mat.supr-con hep-ph cond-mat.str-el astro-ph gr-qc
'0704.1821,hep-ph,hep-ph,0.712958,True,hep-ph hep-th gr-qc astro-ph math.MP
'0704.1822,math.AP math.DG,math.PR,0.422637,False,math.PR math.CV math-ph math.MP math.AP
'0704.1823,math.AT math.GR,hep-th,0.486557,False,hep-th math.GR math.AG math.RT hep-ph
'0704.1824,math.AP math.PR,math.PR,0.563866,True,math.PR cond-mat.stat-mech hep-th math.AP math-ph
'0704.1825,astro-ph,astro-ph,0.694005,True,astro-ph hep-ph hep-ex cond-mat.mtrl-sci cond-mat.mes-hall
'0704.1826,hep-ph,hep-ph,0.721451,True,hep-ph hep-ex hep-th astro-ph nucl-th
'0704.1827,cs.DC,cond-mat.stat-mech,0.310921,False,cond-mat.stat-mech cond-mat.soft astro-ph cond-mat.mtrl-sci cs.PF
'0704.1828,hep-th,hep-th,0.803590,True,hep-th gr-qc hep-ph math.MP math-ph
'0704.1829,cs.DM,math.CO,0.323324,False,math.CO cond-mat.stat-mech cond-mat.mtrl-sci cond-mat.str-el math-ph
'0704.1830,nucl-ex physics.ins-det,nucl-ex,0.353559,True,nucl-ex hep-ph astro-ph cond-mat.mes-hall hep-ex
'0704.1831,nucl-th,nucl-ex,0.465646,False,nucl-ex hep-ph astro-ph cond-mat.stat-mech cond-mat.mtrl-sci
'0704.1832,astro-ph,astro-ph,0.760674,True,astro-ph hep-ph hep-th cond-mat.mtrl-sci gr-qc
'0704.1833,cs.NI,math.IT,0.393735,False,math.IT cs.IT cond-mat.stat-mech hep-ph cond-mat.mtrl-sci
'0704.1834,cond-mat.str-el,cond-mat.str-el,0.523818,True,cond-mat.str-el cond-mat.mes-hall cond-mat.mtrl-sci nucl-th hep-th
'0704.1835,hep-ph,hep-th,0.382015,False,hep-th hep-ph quant-ph nucl-th gr-qc
'0704.1836,hep-ph hep-th,hep-ph,0.644242,True,hep-ph hep-th astro-ph cond-mat.str-el cond-mat.stat-mech
'0704.1837,cond-mat.mtrl-sci cond-mat.str-el,cond-mat.mtrl-sci,0.510662,True,cond-mat.mtrl-sci cond-mat.str-el astro-ph cond-mat.supr-con cond-mat.soft
'0704.1838,cs.OH,math.IT,0.498093,False,math.IT cs.IT cond-mat.stat-mech astro-ph math.PR
'0704.1839,hep-ph,hep-ph,0.315977,True,hep-ph hep-th astro-ph gr-qc cond-mat.stat-mech
'0704.1840,cond-mat.mtrl-sci cond-mat.soft,cond-mat.mtrl-sci,0.498297,True,cond-mat.mtrl-sci cond-mat.stat-mech cond-mat.str-el astro-ph cond-mat.soft
'0704.1841,astro-ph,astro-ph,0.821764,True,astro-ph hep-ph hep-th cond-mat.mtrl-sci gr-qc
'0704.1842,cs.OH,quant-ph,0.291094,False,quant-ph cs.IT math.IT cond-mat.mtrl-sci cond-mat.stat-mech
'0704.1843,astro-ph,astro-ph,0.503471,True,astro-ph hep-th cond-mat.stat-mech gr-qc cond-mat.mes-hall
'0704.1844,math-ph math.MP quant-ph,quant-ph,0.506715,True,quant-ph hep-th math.MP math-ph cond-mat.str-el
'0704.1845,hep-ph hep-th,hep-th,0.402651,True,hep-th hep-ph quant-ph math-ph math.MP
'0704.1846,math.RT,hep-th,0.363342,False,hep-th math.QA gr-qc math.MP math-ph
'0704.1847,physics.data-an physics.soc-ph,math.PR,0.321508,False,math.PR physics.soc-ph cond-mat.dis-nn cond-mat.stat-mech math.IT
'0704.1848,astro-ph gr-qc hep-ph hep-th,astro-ph,0.589788,True,astro-ph hep-th gr-qc hep-ph physics.gen-ph
'0704.1849,cond-mat.dis-nn,physics.soc-ph,0.471188,False,physics.soc-ph cond-mat.dis-nn q-bio.NC cond-mat.mtrl-sci cond-mat.stat-mech
'0704.1850,cond-mat.mtrl-sci,astro-ph,0.428548,False,astro-ph cond-mat.mtrl-sci cond-mat.str-el cond-mat.soft cond-mat.stat-mech
'0704.1851,math.DG,math.DG,0.710496,True,math.DG math.MP math-ph hep-th math.GT
'0704.1852,cond-mat.mtrl-sci cond-mat.stat-mech,cond-mat.mtrl-sci,0.541124,True,cond-mat.mtrl-sci cond-mat.mes-hall cond-mat.stat-mech cond-mat.other astro-ph
'0704.1853,astro-ph,astro-ph,0.770554,True,astro-ph gr-qc cond-mat.mtrl-sci cond-mat.str-el cond-mat.mes-hall
'0704.1854,physics.ed-ph,hep-th,0.300972,False,hep-th astro-ph quant-ph cond-mat.mtrl-sci math.MP
'0704.1855,hep-th,hep-th,0.694754,True,hep-th hep-ph gr-qc astro-ph cond-mat.stat-mech
'0704.1856,nucl-th,hep-ph,0.752704,False,hep-ph nucl-th hep-ex astro-ph nucl-ex
'0704.1857,cond-mat.soft cond-mat.stat-mech,cond-mat.stat-mech,0.461623,True,cond-mat.stat-mech cond-mat.str-el cond-mat.mtrl-sci cond-mat.mes-hall hep-th
'0704.1858,astro-ph,astro-ph,0.728055,True,astro-ph cond-mat.mes-hall cond-mat.mtrl-sci hep-th gr-qc
'0704.1859,math.FA,math.MP,0.422414,False,math.MP math-ph math.AP astro-ph hep-th
'0704.1860,astro-ph,astro-ph,0.684955,True,astro-ph gr-qc hep-th hep-ph physics.gen-ph
'0704.1861,math.AP,gr-qc,0.401240,False,gr-qc hep-th math.AP cond-mat.stat-mech cond-mat.mtrl-sci
'0704.1862,math.AP,math.AP,0.425987,True,math.AP hep-th math-ph math.MP cond-mat.stat-mech
'0704.1863,hep-ex,hep-ex,0.357129,True,hep-ex hep-ph cond-mat.mtrl-sci astro-ph nucl-ex
'0704.1864,quant-ph,quant-ph,0.673709,True,quant-ph astro-ph cond-mat.mes-hall hep-th cond-mat.str-el
'0704.1865,math.CA,math.MP,0.472508,False,math.MP math-ph math.FA math.CA math.GT
'0704.1866,math-ph math.AP math.MP,math.AP,0.584652,True,math.AP math.MP math-ph math.CA hep-th
'0704.1867,cond-mat.other physics.data-an,cond-mat.stat-mech,0.320130,False,cond-mat.stat-mech astro-ph math.PR cond-mat.mtrl-sci hep-ph
'0704.1868,math.NT,math.NT,0.508422,True,math.NT math.MP math-ph math.RT quant-ph
'0704.1869,quant-ph,quant-ph,0.463875,True,quant-ph hep-th cond-mat.str-el astro-ph hep-ph
'0704.1870,cond-mat.other cond-mat.supr-con,astro-ph,0.339739,False,astro-ph cond-mat.mes-hall cond-mat.str-el hep-ph cond-mat.mtrl-sci
'0704.1871,gr-qc,astro-ph,0.530934,False,astro-ph hep-th gr-qc hep-ph cond-mat.stat-mech
'0704.1872,cond-mat.supr-con,cond-mat.supr-con,0.520027,True,cond-mat.supr-con cond-mat.str-el cond-mat.mtrl-sci nucl-th cond-mat.mes-hall
'0704.1873,cs.IT math.IT,math.IT,0.891415,True,math.IT cs.IT quant-ph hep-ph astro-ph
'0704.1874,math-ph math.MP math.NA,cond-mat.stat-mech,0.313004,False,cond-mat.stat-mech math.MP math-ph cond-mat.mtrl-sci hep-th
'0704.1875,cond-mat.mes-hall,cond-mat.mes-hall,0.578527,True,cond-mat.mes-hall cond-mat.mtrl-sci hep-th astro-ph hep-ph
'0704.1876,physics.gen-ph,astro-ph,0.475496,False,astro-ph gr-qc hep-th cond-mat.stat-mech math.MP
'0704.1877,math.RT,math.RT,0.381188,True,math.RT hep-th math.QA astro-ph math.AG
'0704.1878,cond-mat.mtrl-sci cond-mat.str-el,nucl-th,0.391429,False,nucl-th cond-mat.mtrl-sci cond-mat.str-el quant-ph cond-mat.stat-mech
'0704.1879,math.NT,math.CO,0.297038,False,math.CO hep-th astro-ph math.PR hep-ph
'0704.1880,cond-mat.stat-mech hep-th,hep-th,0.404666,True,hep-th cond-mat.str-el quant-ph cond-mat.stat-mech gr-qc
'0704.1881,quant-ph,hep-th,0.335613,False,hep-th nucl-th cond-mat.stat-mech math-ph math.MP
'0704.1882,cond-mat.stat-mech,astro-ph,0.322827,False,astro-ph physics.soc-ph cond-mat.dis-nn stat.TH math.ST
'0704.1883,cond-mat.mes-hall cond-mat.mtrl-sci,cond-mat.mes-hall,0.570083,True,cond-mat.mes-hall cond-mat.mtrl-sci astro-ph cond-mat.str-el hep-ph
'0704.1884,math.LO,hep-th,0.292904,False,hep-th math.PR cond-mat.stat-mech math.CA hep-ph
'0704.1885,q-bio.BM q-bio.PE,astro-ph,0.421049,False,astro-ph hep-th hep-ph cond-mat.mtrl-sci physics.soc-ph
'0704.1886,cs.LO math.LO math.RA,math.MP,0.350667,False,math.MP math-ph hep-th quant-ph math.AG
'0704.1887,cond-mat.supr-con,cond-mat.str-el,0.503089,False,cond-mat.str-el cond-mat.mes-hall cond-mat.stat-mech cond-mat.supr-con cond-mat.dis-nn
'0704.1888,math.CO math.QA,math.RT,0.579220,False,math.RT math.QA math.MP math-ph hep-th
'0704.1889,cond-mat.quant-gas cond-mat.str-el cond-mat.supr-con,cond-mat.str-el,0.462649,True,cond-mat.str-el cond-mat.mes-hall cond-mat.supr-con cond-mat.mtrl-sci cond-mat.stat-mech
'0704.1890,physics.comp-ph physics.optics quant-ph,hep-th,0.324680,False,hep-th cond-mat.mtrl-sci cond-mat.mes-hall cond-mat.stat-mech quant-ph
'0704.1891,math.GN math.GT,math.DG,0.404581,False,math.DG hep-th math-ph math.MP astro-ph
'0704.1892,math.RA,math.RT,0.614134,False,math.RT hep-th math.QA math.MP math-ph
'0704.1893,cond-mat.soft,hep-th,0.416332,False,hep-th cond-mat.mtrl-sci cond-mat.mes-hall hep-ph cond-mat.stat-mech
'0704.1894,math-ph math.MP,hep-th,0.389177,False,hep-th quant-ph astro-ph hep-ph gr-qc
'0704.1895,cond-mat.soft,cond-mat.stat-mech,0.369563,False,cond-mat.stat-mech astro-ph cond-mat.soft hep-ph hep-th
'0704.1896,quant-ph,cond-mat.mes-hall,0.310094,False,cond-mat.mes-hall quant-ph hep-th cond-mat.other hep-ph
'0704.1897,cond-mat.mes-hall physics.optics,cond-mat.mtrl-sci,0.388405,False,cond-mat.mtrl-sci quant-ph hep-th astro-ph cond-mat.mes-hall
'0704.1898,hep-th quant-ph,hep-th,0.470016,True,hep-th gr-qc hep-ph cond-mat.stat-mech math.MP
'0704.1899,astro-ph,astro-ph,0.892135,True,astro-ph gr-qc hep-th hep-ph cond-mat.stat-mech
'0704.1900,hep-ph,hep-ph,0.497434,True,hep-ph hep-th gr-qc cond-mat.mes-hall astro-ph
'0704.1901,quant-ph,math.IT,0.700751,False,math.IT cs.IT hep-th quant-ph astro-ph
'0704.1902,cond-mat.stat-mech cond-mat.supr-con,cond-mat.mtrl-sci,0.426518,False,cond-mat.mtrl-sci cond-mat.str-el cond-mat.stat-mech cond-mat.dis-nn cond-mat.supr-con
'0704.1903,cond-mat.mtrl-sci,cond-mat.mtrl-sci,0.688013,True,cond-mat.mtrl-sci astro-ph cond-mat.mes-hall cond-mat.stat-mech math.MP
'0704.1904,astro-ph cond-mat.stat-mech nlin.CD,cond-mat.mtrl-sci,0.401025,False,cond-mat.mtrl-sci astro-ph cond-mat.soft nucl-th cond-mat.stat-mech
'0704.1905,astro-ph,hep-th,0.772257,False,hep-th gr-qc hep-ph quant-ph astro-ph
'0704.1906,cond-mat.mtrl-sci cond-mat.other,cond-mat.str-el,0.568030,False,cond-mat.str-el cond-mat.mtrl-sci cond-mat.supr-con cond-mat.stat-mech nucl-th
'0704.1907,astro-ph,astro-ph,0.739567,True,astro-ph hep-ph hep-th cond-mat.mtrl-sci nucl-th
'0704.1908,physics.ed-ph q-bio.QM q-bio.SC,math.PR,0.450858,False,math.PR cond-mat.stat-mech astro-ph hep-ph math-ph
'0704.1909,cond-mat.mes-hall,cond-mat.mes-hall,0.664481,True,cond-mat.mes-hall cond-mat.mtrl-sci hep-th gr-qc astro-ph
'0704.1910,astro-ph,astro-ph,0.733177,True,astro-ph hep-ph cond-mat.stat-mech gr-qc cond-mat.other
'0704.1911,cond-mat.soft,cond-mat.mtrl-sci,0.412367,False,cond-mat.mtrl-sci cond-mat.stat-mech astro-ph cond-mat.str-el hep-th
'0704.1912,astro-ph physics.geo-ph q-bio.PE,astro-ph,0.397622,True,astro-ph gr-qc hep-ph quant-ph hep-th
'0704.1913,hep-ph,hep-ph,0.776871,True,hep-ph hep-ex hep-th nucl-th astro-ph
'0704.1914,math.DS,math.RT,0.552522,False,math.RT math.GR math.NT hep-th math.AG
'0704.1915,astro-ph,astro-ph,0.548593,True,astro-ph cond-mat.mes-hall cond-mat.mtrl-sci cond-mat.stat-mech hep-ph
'0704.1916,math.CA,math.MP,0.434502,False,math.MP math-ph math.PR hep-th math.AP
'0704.1917,cond-mat.str-el,cond-mat.mes-hall,0.423567,False,cond-mat.mes-hall astro-ph hep-ph cond-mat.mtrl-sci cond-mat.other
'0704.1918,quant-ph,quant-ph,0.590853,True,quant-ph hep-th cond-mat.str-el hep-ph cond-mat.mes-hall
'0704.1919,astro-ph,astro-ph,0.825514,True,astro-ph gr-qc hep-ph nucl-th cond-mat.stat-mech
'0704.1920,astro-ph,astro-ph,0.612790,True,astro-ph gr-qc hep-th cond-mat.mes-hall cond-mat.stat-mech
'0704.1921,cond-mat.other quant-ph,quant-ph,0.406540,True,quant-ph cond-mat.mtrl-sci cond-mat.mes-hall cond-mat.str-el cond-mat.other
'0704.1922,math.GR math.GT,math.CO,0.338162,False,math.CO math.AG math.DG math.CV hep-th
'0704.1923,cond-mat.mtrl-sci,cond-mat.mtrl-sci,0.319514,True,cond-mat.mtrl-sci hep-ph hep-th cond-mat.other cond-mat.mes-hall
'0704.1924,math-ph math.MP math.NA,cond-mat.stat-mech,0.398428,False,cond-mat.stat-mech physics.comp-ph math.IT cs.IT physics.data-an
'0704.1925,cs.IT math.IT,quant-ph,0.264729,False,quant-ph astro-ph math.IT cs.IT hep-th
'0704.1926,math-ph math.CA math.MP,math.CA,0.300301,True,math.CA math.PR quant-ph gr-qc hep-th
'0704.1927,astro-ph,gr-qc,0.759496,False,gr-qc hep-th astro-ph nucl-th quant-ph
'0704.1928,nlin.CD physics.flu-dyn,astro-ph,0.366780,False,astro-ph hep-th cond-mat.stat-mech hep-ph cond-mat.mtrl-sci
'0704.1929,cond-mat.str-el,cond-mat.str-el,0.578226,True,cond-mat.str-el cond-mat.mtrl-sci cond-mat.mes-hall astro-ph cond-mat.supr-con
'0704.1930,gr-qc,gr-qc,0.362398,True,gr-qc astro-ph hep-th math.AP math-ph
'0704.1931,quant-ph,quant-ph,0.577717,True,quant-ph cond-mat.stat-mech astro-ph math.PR cond-mat.mtrl-sci
'0704.1932,astro-ph,gr-qc,0.741936,False,gr-qc astro-ph hep-th hep-ph physics.gen-ph
'0704.1933,math.CV,math.MP,0.489098,False,math.MP math-ph math.AP math.PR cond-mat.stat-mech
'0704.1934,math-ph math.MP quant-ph,quant-ph,0.765365,True,quant-ph hep-th gr-qc physics.gen-ph math.MP
'0704.1935,hep-th,hep-th,0.687692,True,hep-th hep-ph cond-mat.supr-con cond-mat.soft astro-ph
'0704.1936,math.GM,math.MP,0.357755,False,math.MP math-ph hep-th cond-mat.stat-mech physics.data-an
'0704.1937,hep-ex hep-lat hep-ph,hep-ph,0.710948,True,hep-ph nucl-th astro-ph hep-lat nucl-ex
'0704.1938,math.AT,math.AG,0.653614,False,math.AG math.CV hep-th math.MP math-ph
'0704.1939,quant-ph,quant-ph,0.453192,True,quant-ph hep-th math.MP math-ph cond-mat.str-el
'0704.1940,math.AG math.CV,math.CV,0.391288,True,math.CV math.AG hep-th quant-ph math.MP
'0704.1941,math.GT math.HO,hep-th,0.308788,False,hep-th cond-mat.stat-mech math.MP math-ph astro-ph
'0704.1942,physics.gen-ph,gr-qc,0.426372,False,gr-qc hep-th hep-ph physics.gen-ph math.MP
'0704.1943,math.AT math.CO,hep-th,0.407135,False,hep-th math.MP math-ph math.AG astro-ph
'0704.1944,nucl-ex,astro-ph,0.490660,False,astro-ph hep-ph cond-mat.mtrl-sci quant-ph cond-mat.mes-hall
'0704.1945,astro-ph,astro-ph,0.572601,True,astro-ph cond-mat.mtrl-sci hep-ph gr-qc hep-th
'0704.1946,physics.atom-ph,cond-mat.mes-hall,0.357971,False,cond-mat.mes-hall cond-mat.other cond-mat.mtrl-sci hep-ph cond-mat.stat-mech
'0704.1947,math.QA,math.MP,0.477588,False,math.MP math-ph hep-th math.AP math.QA
'0704.1948,math.DS,math.AG,0.673885,False,math.AG math.GT hep-th math.MP math-ph
'0704.1949,cond-mat.stat-mech,cond-mat.str-el,0.605647,False,cond-mat.str-el cond-mat.stat-mech cond-mat.dis-nn cond-mat.mtrl-sci hep-ph
'0704.1950,nlin.CD physics.optics,astro-ph,0.350743,False,astro-ph physics.optics cond-mat.mtrl-sci cond-mat.soft cond-mat.stat-mech
'0704.1951,math.NT,math.AG,0.413289,False,math.AG hep-th math-ph math.MP astro-ph
'0704.1952,physics.class-ph physics.soc-ph,physics.soc-ph,0.605210,True,physics.soc-ph cond-mat.stat-mech astro-ph cond-mat.dis-nn cond-mat.soft
'0704.1953,cond-mat.mes-hall cond-mat.stat-mech,cond-mat.other,0.446458,False,cond-mat.other cond-mat.mes-hall hep-th quant-ph cond-mat.str-el
'0704.1954,math.AP,math.MP,0.438571,False,math.MP math-ph math.PR hep-th quant-ph
'0704.1955,math.FA math.MG,math.FA,0.364561,True,math.FA math.CA math.CO math.PR quant-ph
'0704.1956,hep-ph,hep-ph,0.551099,True,hep-ph hep-ex astro-ph hep-th nucl-th
'0704.1957,quant-ph,quant-ph,0.875277,True,quant-ph cond-mat.str-el cond-mat.mes-hall cond-mat.stat-mech hep-th
'0704.1958,astro-ph,astro-ph,0.867612,True,astro-ph gr-qc hep-th hep-ph nucl-th
'0704.1959,physics.chem-ph physics.optics,quant-ph,0.459333,False,quant-ph cond-mat.mtrl-sci cond-mat.mes-hall cond-mat.str-el cond-mat.soft
'0704.1960,hep-th math-ph math.MP,hep-th,0.679905,True,hep-th gr-qc math.MP math-ph hep-ph
'0704.1961,hep-ex hep-ph,hep-ph,0.603612,True,hep-ph hep-th quant-ph astro-ph gr-qc
'0704.1962,quant-ph,quant-ph,0.406826,True,quant-ph hep-th cond-mat.mes-hall cond-mat.stat-mech hep-ph
'0704.1963,astro-ph,astro-ph,0.845260,True,astro-ph hep-ph gr-qc cond-mat.mtrl-sci nucl-th
'0704.1964,gr-qc,gr-qc,0.533419,True,gr-qc astro-ph cond-mat.stat-mech hep-th quant-ph
'0704.1965,quant-ph,quant-ph,0.781614,True,quant-ph cond-mat.mes-hall cond-mat.str-el hep-th cond-mat.stat-mech
'0704.1966,math.CV math.OA,math.CV,0.525321,True,math.CV math.SP math.CA astro-ph math.AP
'0704.1967,cond-mat.stat-mech nucl-th quant-ph,hep-th,0.442995,False,hep-th math.MP math-ph quant-ph cond-mat.mes-hall
'0704.1968,astro-ph gr-qc,astro-ph,0.754764,True,astro-ph gr-qc hep-th quant-ph cond-mat.mes-hall
'0704.1969,math.CO,math.CO,0.382840,True,math.CO cond-mat.stat-mech math-ph math.MP cond-mat.str-el
'0704.1970,cond-mat.str-el cond-mat.supr-con,cond-mat.str-el,0.556193,True,cond-mat.str-el cond-mat.supr-con cond-mat.mtrl-sci cond-mat.stat-mech cond-mat.mes-hall
'0704.1971,cond-mat.soft,cond-mat.other,0.482149,False,cond-mat.other cond-mat.supr-con cond-mat.stat-mech cond-mat.soft cond-mat.mes-hall
'0704.1972,math-ph math.CA math.MP,math.CA,0.322015,True,math.CA cond-mat.stat-mech hep-th math.MP math-ph
'0704.1973,cond-mat.mes-hall cond-mat.str-el,cond-mat.str-el,0.588855,True,cond-mat.str-el cond-mat.mes-hall cond-mat.mtrl-sci cond-mat.other cond-mat.supr-con
'0704.1974,physics.atom-ph,cond-mat.mes-hall,0.414251,False,cond-mat.mes-hall quant-ph cond-mat.mtrl-sci astro-ph cond-mat.other
'0704.1975,math.DG math.DS,math.DS,0.295718,True,math.DS math.MP math-ph math.DG cond-mat.stat-mech
'0704.1976,math.PR math.ST q-fin.PR stat.TH,math.PR,0.507975,True,math.PR physics.data-an cond-mat.stat-mech physics.soc-ph hep-th
'0704.1977,math.AG math.DG,hep-th,0.332110,False,hep-th math.AG math.CO astro-ph math.DG
'0704.1978,nucl-th,nucl-th,0.758428,True,nucl-th hep-ph hep-th cond-mat.mes-hall cond-mat.str-el
'0704.1979,cond-mat.mes-hall cond-mat.str-el,cond-mat.str-el,0.609394,True,cond-mat.str-el cond-mat.mes-hall quant-ph cond-mat.mtrl-sci cond-mat.stat-mech
'0704.1980,math.NA,math.PR,0.363252,False,math.PR math.IT cs.IT cond-mat.stat-mech math.CA
'0704.1981,hep-ex nucl-ex,hep-ph,0.390644,False,hep-ph hep-th astro-ph cond-mat.str-el hep-ex
'0704.1982,math.DG,hep-th,0.354306,False,hep-th math.DG math.CV gr-qc math.MP
'0704.1983,physics.gen-ph,gr-qc,0.612759,False,gr-qc astro-ph physics.gen-ph hep-th cond-mat.str-el
'0704.1984,nucl-th,nucl-th,0.647809,True,nucl-th nucl-ex hep-ph cond-mat.other astro-ph
'0704.1985,hep-ph,hep-ph,0.618689,True,hep-ph nucl-th nucl-ex astro-ph hep-th
'0704.1986,math.DG,gr-qc,0.403405,False,gr-qc math.CA hep-th math.DG math.MP
'0704.1987,math.OA math.PR,quant-ph,0.413159,False,quant-ph math.PR hep-th cond-mat.str-el hep-ph
'0704.1988,cond-mat.mtrl-sci,cond-mat.soft,0.432061,False,cond-mat.soft cond-mat.stat-mech cond-mat.mtrl-sci hep-th cond-mat.other
'0704.1989,math.OA math.PR,hep-th,0.469046,False,hep-th math.MP math-ph math.QA quant-ph
'0704.1990,gr-qc hep-th,hep-th,0.569293,True,hep-th gr-qc astro-ph cond-mat.mes-hall hep-ph
'0704.1991,hep-ph,hep-ph,0.674906,True,hep-ph nucl-th hep-ex nucl-ex cond-mat.mtrl-sci
'0704.1992,nucl-th,nucl-th,0.707597,True,nucl-th hep-ph hep-th hep-lat nucl-ex
'0704.1993,cond-mat.supr-con,cond-mat.mes-hall,0.561935,False,cond-mat.mes-hall cond-mat.supr-con cond-mat.str-el cond-mat.stat-mech quant-ph
'0704.1994,cond-mat.mes-hall cond-mat.mtrl-sci,cond-mat.mtrl-sci,0.692962,True,cond-mat.mtrl-sci cond-mat.mes-hall cond-mat.str-el hep-ph quant-ph
'0704.1995,cond-mat.other cond-mat.stat-mech,cond-mat.mtrl-sci,0.470761,False,cond-mat.mtrl-sci cond-mat.other cond-mat.str-el cond-mat.stat-mech hep-th
'0704.1996,hep-th,hep-th,0.748809,True,hep-th gr-qc math.MP math-ph math.CA
'0704.1997,physics.gen-ph,hep-th,0.372277,False,hep-th cond-mat.mtrl-sci cond-mat.stat-mech cond-mat.str-el hep-ph
'0704.1998,astro-ph gr-qc hep-th,astro-ph,0.478975,True,astro-ph hep-th hep-ph gr-qc nucl-th
'0704.1999,astro-ph,astro-ph,0.641008,True,astro-ph hep-ph hep-th gr-qc cond-mat.mtrl-sci
'0704.2000,hep-ex,hep-ph,0.630159,False,hep-ph hep-ex astro-ph nucl-th cond-mat.mes-hall
